UniProtKB_ac	n_resid	mean_pLDDT
A0A024RCN7	75	54.19
A0A075B6S0	16	77.13
A0A075B6V2	18	76.36
A0A075B6Y3	20	86.39
A0A075B6Y9	20	85.41
A0A075B700	18	86.66
A0A075B706	16	86.88
A0A087WTH1	108	69.30
A0A087WUM9	103	59.06
A0A087WWA1	95	60.34
A0A096LNT9	112	60.76
A0A096LP01	95	71.67
A0A096LPG2	23	75.12
A0A096LPH7	203	80.80
A0A096LPI5	108	56.62
A0A0A0MT70	17	90.93
A0A0A0MT82	47	58.31
A0A0A0MT86	24	71.39
A0A0A0MT87	16	84.14
A0A0A0MT93	23	67.79
A0A0A0MT94	16	83.79
A0A0A0MT99	50	46.85
A0A0A0MTA7	16	86.29
A0A0B4J200	16	89.18
A0A0C4DGP1	68	67.18
A0A0C4DH62	17	88.17
A0A0C4DH63	20	79.71
A0A0C5B5G6	16	72.29
A0A0G2JKD1	596	76.83
A0A0G2JKW9	36	67.20
A0A0G2JLE6	195	34.03
A0A0G2JLG4	411	87.06
A0A0G2JLM5	398	78.37
A0A0G2JLW4	131	50.31
A0A0G2JMD5	474	76.81
A0A0G2JMH6	254	89.45
A0A0G2JMP0	313	85.94
A0A0G2JN68	375	72.46
A0A0G2JND7	137	45.33
A0A0G2JNG1	304	79.69
A0A0G2JNJ9	132	39.15
A0A0G2JP20	478	84.20
A0A0G2JPB7	455	88.04
A0A0G2JPN4	36	64.17
A0A0G2JQ47	297	81.47
A0A0G2JQF1	25	86.87
A0A0G2JQZ4	141	50.48
A0A0J9YWL9	993	50.12
A0A0J9YWP8	16	77.13
A0A0J9YWX3	17	86.67
A0A0J9YX94	578	59.84
A0A0J9YXG5	16	89.80
A0A0J9YXM7	16	81.72
A0A0J9YXV3	536	41.53
A0A0J9YY54	714	49.09
A0A0U1RQF7	123	47.97
A0A0U1RQG5	324	51.80
A0A0U1RQS6	177	57.79
A0A0U1RR37	186	63.32
A0A0U1RRA0	63	72.60
A0A0U1RRE5	68	69.28
A0A0U1RRK4	108	64.28
A0A0U1RRL7	71	69.74
A0A0U1RRN3	59	68.28
A0A140G945	173	74.63
A0A140T8X8	626	73.55
A0A140TA64	210	34.53
A0A140TA67	174	38.62
A0A183	80	62.29
A0A1B0GTC6	90	70.67
A0A1B0GTD5	131	77.34
A0A1B0GTH6	734	45.02
A0A1B0GTH9	108	87.10
A0A1B0GTI8	187	82.81
A0A1B0GTJ6	334	53.60
A0A1B0GTK4	181	64.61
A0A1B0GTK5	79	63.19
A0A1B0GTL2	189	71.76
A0A1B0GTR0	161	54.27
A0A1B0GTR3	108	69.09
A0A1B0GTR4	108	53.79
A0A1B0GTU1	805	55.21
A0A1B0GTY4	177	65.03
A0A1B0GU29	152	63.51
A0A1B0GU33	70	60.41
A0A1B0GUA5	103	59.76
A0A1B0GUA9	212	59.49
A0A1B0GUI7	84	65.51
A0A1B0GUJ8	204	78.22
A0A1B0GUQ0	79	62.15
A0A1B0GUT2	108	58.81
A0A1B0GUU1	675	81.84
A0A1B0GUV1	79	59.84
A0A1B0GUV7	120	52.33
A0A1B0GUY1	285	41.12
A0A1B0GV22	79	61.99
A0A1B0GV96	52	60.88
A0A1B0GVB3	256	65.36
A0A1B0GVD1	139	74.86
A0A1B0GVG6	124	62.19
A0A1B0GVH4	220	59.77
A0A1B0GVH6	325	52.11
A0A1B0GVH7	501	61.07
A0A1B0GVM5	59	64.16
A0A1B0GVM6	126	61.75
A0A1B0GVS7	189	54.06
A0A1B0GVX0	72	65.89
A0A1B0GVY2	172	37.08
A0A1B0GVZ9	245	80.23
A0A1B0GW64	132	61.84
A0A1B0GWB2	263	57.13
A0A1B0GWH6	25	97.60
A0A1W2PNU3	283	49.90
A0A1W2PP97	115	72.66
A0A1W2PPE3	182	47.98
A0A1W2PR82	267	63.32
A0A1W2PRE2	83	60.90
A0A1W2PS18	150	62.66
A0A286YEV6	105	41.64
A0A286YEX9	47	39.58
A0A286YEY9	88	40.51
A0A286YF01	96	41.45
A0A286YF18	149	65.10
A0A286YF46	85	43.57
A0A286YF60	100	41.01
A0A286YF77	105	40.65
A0A286YFB4	120	39.63
A0A286YFG1	108	38.02
A0A286YFK9	51	77.07
A0A2R8Y2Y2	192	56.70
A0A2R8Y556	26	78.34
A0A2R8Y747	149	50.21
A0A2R8YCJ5	93	74.48
A0A2R8YD15	34	83.61
A0A2U3TZM8	278	52.24
A0A376A8Z9	235	86.65
A0A3B3IRQ3	129	45.77
A0A3B3IRS2	109	51.51
A0A3B3IT34	95	53.75
A0A494BZU2	33	75.45
A0A494BZU4	170	74.96
A0A494BZZ5	66	54.00
A0A494C030	265	34.01
A0A494C0B9	38	60.03
A0A494C162	114	64.20
A0A494C176	62	72.40
A0A494C193	113	66.66
A0A494C1I1	119	63.01
A0A590UJ96	1178	35.63
A0A590UK24	94	67.24
A0A590UK83	107	53.52
A0A5F9ZGZ6	478	45.25
A0A5F9ZH02	70	70.75
A0A5F9ZHI8	444	54.13
A0A5F9ZHU2	147	42.61
A0A5S8K742	417	82.11
A0A669KB60	32	75.39
A0A6I8PU40	153	43.09
A0A6Q8PFC9	52	58.46
A0A6Q8PFD8	39	48.94
A0A6Q8PFQ6	16	81.47
A0A6Q8PGL7	129	37.77
A0A6Q8PGS0	86	62.50
A0A6Q8PGZ6	110	58.26
A0A6Q8PGZ7	32	87.25
A0A6Q8PHA8	20	80.58
A0A6Q8PHR7	45	58.96
A0A6Q8PHS2	68	58.50
A0A7E1QX52	130	50.06
A0A7I2V3D3	363	90.28
A0A7I2V3R4	345	62.82
A0A7I2V4U8	25	77.58
A0A7I2V5U8	205	60.70
A0A7I2V6D3	23	82.98
A0AVI4	362	87.95
A0N4X2	20	82.22
A0N4X5	19	86.77
A0N4Z3	17	88.73
A0N4Z7	21	83.24
A0N4Z8	20	84.18
A0PG75	271	72.84
A0PJW6	202	75.69
A0PJW8	107	67.74
A0PJX8	343	78.22
A0PK05	275	58.02
A0PK11	232	91.54
A1A4G5	178	63.76
A1A519	330	56.15
A1A580	65	55.63
A1E959	279	44.27
A1KXE4	195	50.51
A1L170	272	56.44
A1L1A6	192	77.97
A1L429	117	63.19
A1L443	756	50.84
A1L4L8	177	72.23
A1L4Q6	167	34.03
A2AJT9	711	48.20
A2RRH5	827	81.72
A2RRP1	2371	74.75
A2RU30	521	54.12
A2RU37	121	43.79
A2RU67	622	78.31
A2RUG3	117	65.42
A2RUQ5	167	34.98
A2VDJ0	1609	53.04
A3KMH1	1905	78.74
A3KN74	72	83.29
A3KN83	1393	67.53
A3QJZ7	478	83.86
A4D0T2	115	72.15
A4D0V7	1026	72.78
A4D0Y5	90	34.62
A4D161	298	84.93
A4D1B5	854	80.50
A4D1N5	150	40.37
A4D1U4	455	77.55
A4D250	179	29.14
A4D263	438	55.57
A4FU49	640	52.77
A4FU69	1503	67.38
A4IF30	521	66.84
A4QMS7	147	74.96
A4QN01	128	51.86
A5D6W6	292	85.63
A5D8W1	941	85.07
A5PLK6	1076	66.34
A5PLL7	270	90.76
A5PLN9	417	86.84
A5YM69	484	44.73
A6H8Z2	402	63.65
A6NC51	233	92.84
A6NC62	111	49.19
A6NC86	204	90.64
A6NC97	362	85.26
A6NCI5	91	46.66
A6NCI8	922	42.29
A6NCJ1	209	43.52
A6NCL2	159	83.89
A6NCQ9	220	61.80
A6NCS6	295	64.59
A6NDD5	238	55.69
A6NDE8	117	63.47
A6NDU8	294	85.75
A6NDV4	472	80.62
A6NDX4	124	45.58
A6NDY2	464	49.86
A6NE21	464	49.57
A6NE52	1622	62.95
A6NEH8	195	48.03
A6NEN9	183	82.51
A6NER3	117	64.07
A6NES4	1674	79.79
A6NEV1	266	57.63
A6NEW6	464	49.84
A6NF01	834	45.36
A6NF83	97	71.98
A6NFA1	517	69.14
A6NFC5	223	80.51
A6NFE2	343	58.94
A6NFE3	127	83.55
A6NFU0	413	82.85
A6NFY4	417	80.25
A6NG13	374	85.68
A6NGA9	273	73.36
A6NGB7	291	68.41
A6NGB9	483	59.70
A6NGC4	264	86.44
A6NGG3	77	50.81
A6NGK3	116	64.94
A6NGR9	719	74.65
A6NGU7	62	58.09
A6NGW2	1772	66.49
A6NGY1	282	59.48
A6NGZ8	99	67.42
A6NH13	148	48.11
A6NH52	213	79.53
A6NHN6	443	50.72
A6NHP3	402	60.75
A6NHQ4	379	57.88
A6NHS1	94	66.50
A6NHS7	340	62.40
A6NI61	221	90.61
A6NI87	242	66.46
A6NIE6	340	74.22
A6NIJ5	464	49.76
A6NIN4	190	69.30
A6NIU2	74	65.57
A6NIX2	430	63.80
A6NJ69	53	47.18
A6NJI1	115	64.81
A6NJJ6	358	71.69
A6NJQ4	464	49.71
A6NJT0	531	57.62
A6NJV1	201	80.68
A6NKB5	2137	56.50
A6NKC0	464	50.36
A6NKC9	451	55.27
A6NKF7	163	66.36
A6NKX1	122	33.58
A6NL46	340	53.96
A6NL82	134	79.80
A6NLC5	250	53.23
A6NLU5	285	67.34
A6NLX4	147	62.51
A6NM66	108	39.73
A6NMD0	228	54.90
A6NML5	194	73.93
A6NMN3	283	61.90
A6NN06	94	54.54
A6NN90	582	51.18
A6NNE9	402	62.54
A6NNH2	459	49.50
A6NNJ1	464	49.54
A6NNL0	878	45.75
A6NNL5	157	90.97
A6NP61	321	56.91
A6PVL3	124	60.01
A6PVY3	158	63.31
A7E2U8	309	72.87
A7E2V4	1837	61.57
A7MD48	611	46.82
A7XYQ1	873	52.02
A8CG34	1229	43.19
A8K010	186	42.52
A8K0R7	811	49.21
A8K554	130	45.08
A8K830	154	53.58
A8MPP1	907	79.09
A8MQ03	144	55.43
A8MQB3	221	40.95
A8MRT5	1133	44.19
A8MT66	165	54.94
A8MTA8	275	69.03
A8MTB9	384	79.95
A8MTW9	85	62.71
A8MTY7	169	37.81
A8MTZ7	269	52.54
A8MU10	97	38.71
A8MU93	118	68.45
A8MUA0	341	54.42
A8MUI8	341	54.87
A8MUL3	147	30.46
A8MUN3	132	41.69
A8MUU9	505	30.24
A8MUX0	517	43.18
A8MV65	326	55.04
A8MV72	311	55.53
A8MVA2	160	37.60
A8MVM7	634	43.93
A8MVS5	230	74.47
A8MVW0	826	58.85
A8MVW5	462	78.34
A8MWA6	464	50.29
A8MWK0	482	85.87
A8MWL6	223	78.75
A8MWL7	114	59.04
A8MWP4	228	37.18
A8MWP6	167	27.79
A8MWV9	139	60.95
A8MWY0	1029	75.92
A8MX19	464	49.18
A8MX34	341	48.47
A8MX80	341	53.89
A8MXD5	290	74.25
A8MXJ8	464	49.91
A8MXK1	200	88.20
A8MXK9	166	29.68
A8MXV4	375	87.98
A8MXV6	281	53.79
A8MXZ1	464	50.19
A8MXZ3	250	35.39
A8MYP8	253	73.51
A8MYZ0	460	82.92
A8MZ25	164	45.96
A8MZ36	301	68.83
A8MZF0	331	57.37
A8MZG2	182	54.99
B0FP48	263	82.39
B0YJ81	288	74.26
B1AK76	121	46.10
B1AKI9	464	64.10
B1AL46	878	45.75
B1AMM8	73	46.71
B1ANH7	110	53.61
B1ANS9	1081	70.69
B1ANY3	271	43.39
B1ATL7	298	49.85
B2CW77	178	50.55
B2RUY7	222	78.21
B2RXF0	380	79.62
B3EWF7	344	35.25
B3KNS4	109	72.81
B3KS81	715	41.48
B3SHH9	223	82.58
B4DJY2	109	59.75
B4DYI2	1134	40.94
B4DZS4	312	74.68
B5MCY1	1934	71.60
B7Z368	130	46.47
B7Z3J9	87	71.35
B9A014	251	80.27
B9EJG8	249	91.74
C9J069	976	53.20
C9J302	202	56.34
C9J3I9	102	79.96
C9J3V5	150	60.78
C9J442	243	50.96
C9J6K1	198	80.36
C9J7I0	137	62.11
C9JBD0	128	66.95
C9JC47	383	36.03
C9JDV5	145	49.67
C9JFL3	82	46.67
C9JG80	1138	43.93
C9JH25	899	52.40
C9JI98	176	67.43
C9JL84	531	46.21
C9JLR9	678	56.09
C9JLW8	97	74.53
C9JQL5	133	59.49
C9JUS6	153	51.51
C9JXX5	98	70.43
D3DTV9	90	60.42
D6RGX4	464	49.18
D6RIA3	1793	39.86
E2RYF7	251	69.24
E5RHQ5	1161	39.86
E5RIL1	263	82.56
E5RJ46	101	49.21
E5RQL4	147	77.46
E7ERA6	249	72.26
E7EU14	171	67.52
E7EW31	1015	44.15
E9PI22	279	51.44
E9PJ23	425	50.33
E9PQ18	207	74.83
E9PQR5	432	52.05
F2Z333	226	76.57
F2Z398	122	54.71
F2Z3F1	127	41.99
F2Z3M2	114	52.00
F5H4A9	247	59.47
F8W0I5	928	44.11
F8W1W9	429	50.83
G3V211	115	35.83
G5E9R7	235	45.45
H0Y354	149	84.64
H0Y7S4	382	85.96
H0YL09	131	50.92
H0YL14	139	75.08
H3BN30	126	34.63
H3BNL1	204	60.87
H3BPM6	223	89.56
H3BQJ8	138	81.56
H3BQW9	127	62.19
H3BR10	107	65.69
H3BS89	294	74.57
I0J062	215	50.63
I3L0S3	204	37.65
I3L1E1	186	57.92
I3L3R5	266	70.10
J3KSC0	135	39.58
K7EIQ3	104	53.64
M0QZC1	329	64.81
M0R2J8	1783	68.16
M5A8F1	160	71.15
O00165	279	59.69
O00193	183	65.44
O00219	553	91.30
O00230	105	63.28
O00292	366	78.45
O00322	258	86.52
O00339	956	75.54
O00400	549	82.12
O00479	90	65.81
O00515	517	54.88
O00526	184	75.33
O00592	558	53.15
O00623	359	80.55
O14494	284	87.80
O14495	311	84.20
O14511	850	55.30
O14524	444	76.34
O14598	125	64.54
O14599	106	44.18
O14603	147	39.92
O14609	159	60.04
O14613	210	60.89
O14633	110	53.31
O14681	340	86.28
O14683	189	75.78
O14772	607	90.01
O14828	347	76.58
O14894	197	86.26
O14990	202	65.34
O15014	1411	45.18
O15015	1832	50.24
O15027	2357	40.65
O15041	775	84.94
O15063	1070	53.61
O15121	323	96.31
O15127	329	76.77
O15130	113	64.38
O15165	306	58.51
O15225	51	50.30
O15228	680	88.46
O15231	689	49.43
O15243	131	81.19
O15255	209	38.13
O15258	196	78.62
O15260	269	84.22
O15304	175	76.10
O15321	606	84.34
O15327	924	82.28
O15428	100	68.53
O15446	510	56.34
O15544	149	36.55
O43156	1089	80.78
O43247	280	59.16
O43257	154	73.70
O43261	78	62.69
O43264	779	81.99
O43272	600	83.31
O43292	621	87.12
O43299	807	84.77
O43313	823	47.64
O43427	364	92.11
O43462	519	87.08
O43505	415	88.54
O43529	356	85.97
O43555	120	64.38
O43556	437	73.29
O43561	262	59.05
O43610	288	63.76
O43688	288	86.24
O43716	136	78.74
O43736	263	80.15
O43759	233	79.58
O43760	224	81.08
O43761	229	80.09
O43768	121	68.22
O43823	692	52.26
O43852	315	75.83
O43908	158	58.89
O43916	411	87.82
O60225	188	67.33
O60240	522	53.46
O60268	411	70.13
O60269	458	49.68
O60279	629	55.83
O60290	1169	66.33
O60291	552	65.55
O60293	1989	58.97
O60303	1618	59.20
O60320	539	58.96
O60356	82	70.14
O60383	454	65.95
O60393	691	47.04
O60443	496	76.18
O60477	761	78.53
O60478	399	69.12
O60683	326	82.66
O60687	465	86.78
O60688	119	90.46
O60721	1099	54.84
O60756	84	56.71
O60779	497	81.11
O60809	474	77.94
O60810	478	84.61
O60813	478	84.23
O60831	178	84.01
O60906	423	89.84
O60927	126	66.42
O60931	367	88.88
O75054	1194	81.43
O75072	461	92.29
O75074	770	67.82
O75093	1534	80.03
O75095	1541	70.49
O75121	409	61.52
O75152	810	56.49
O75161	1426	71.25
O75192	247	88.17
O75200	414	53.64
O75204	238	77.78
O75298	545	51.30
O75323	286	83.63
O75339	1184	80.32
O75352	247	89.35
O75363	584	50.25
O75387	559	79.38
O75459	146	60.83
O75477	348	84.64
O75610	366	78.07
O75618	318	78.28
O75631	287	78.84
O75690	187	38.59
O75711	98	80.80
O75718	401	88.13
O75781	387	67.58
O75829	334	69.69
O75845	299	92.65
O75896	110	76.32
O75915	188	89.17
O75920	110	62.39
O75943	681	68.51
O75955	427	81.91
O76042	136	38.16
O76061	302	72.86
O76070	127	77.81
O76087	117	62.88
O94772	140	76.16
O94818	638	63.95
O94854	1291	37.15
O94874	794	79.59
O94876	653	62.73
O94905	339	85.18
O94952	628	85.25
O94985	981	76.89
O95070	293	74.08
O95072	547	64.28
O95084	383	81.19
O95159	310	74.07
O95171	688	45.32
O95177	125	46.55
O95196	566	52.23
O95214	131	81.77
O95258	325	77.40
O95260	518	80.09
O95411	115	39.11
O95415	125	64.97
O95424	95	69.53
O95436	690	72.64
O95456	288	81.51
O95473	234	77.73
O95522	483	85.45
O95562	160	78.67
O95567	290	55.12
O95674	445	81.35
O95772	234	59.02
O95785	1651	48.34
O95789	1325	68.29
O95807	157	83.11
O95813	267	60.23
O95859	305	77.82
O95867	125	85.00
O95868	133	64.30
O95873	294	58.28
O95876	746	76.31
O95905	644	76.28
O95965	494	82.70
O95972	392	71.69
O95992	272	91.40
O96001	155	65.83
O96002	111	79.68
O96005	669	69.10
O97980	41	73.85
P02808	62	64.16
P02810	166	67.34
P02812	416	47.03
P02814	79	71.76
P04279	462	32.34
P04280	392	48.03
P04553	51	55.01
P04554	102	53.85
P05060	677	48.54
P05111	366	68.89
P05114	100	63.17
P05204	90	66.84
P05549	437	67.76
P05814	226	59.14
P07476	585	48.26
P07498	182	59.06
P08247	313	77.17
P08651	508	61.70
P08910	425	91.18
P09430	55	62.04
P09565	113	54.29
P09912	130	53.64
P0C091	2139	75.69
P0C0P6	89	64.98
P0C2L3	166	58.02
P0C2W7	299	51.87
P0C5K6	33	68.61
P0C5K7	136	38.18
P0C5Y4	121	46.02
P0C6A0	271	61.55
P0C6P0	100	63.76
P0C7A2	387	46.72
P0C7H8	128	34.67
P0C7M3	94	60.07
P0C7P2	107	55.52
P0C7Q2	107	58.93
P0C7T7	363	36.30
P0C7T8	217	71.51
P0C7U3	371	78.52
P0C7U9	286	33.09
P0C7V0	271	40.43
P0C7V4	464	49.74
P0C7W0	189	63.79
P0C7W8	464	49.84
P0C7W9	464	49.58
P0C7X0	464	49.78
P0C841	47	71.31
P0C842	121	88.11
P0C851	137	63.93
P0C853	105	34.81
P0C854	216	34.29
P0C864	163	50.79
P0C866	280	67.67
P0C874	917	45.49
P0C875	324	68.18
P0C879	139	56.16
P0C880	135	50.77
P0C8F1	98	91.21
P0CE67	100	44.12
P0CF97	657	80.66
P0CG01	181	79.48
P0CG12	524	47.16
P0CG13	121	86.88
P0CG32	403	68.44
P0CG36	223	64.05
P0CG37	223	64.07
P0CG42	384	37.21
P0CG43	387	36.82
P0CH98	169	30.17
P0CJ68	24	68.77
P0CJ69	28	65.34
P0CJ70	24	73.05
P0CJ71	28	76.44
P0CJ72	24	67.58
P0CJ73	24	70.81
P0CJ74	24	84.32
P0CJ75	24	69.60
P0CJ76	24	71.93
P0CJ77	24	87.51
P0CL80	117	62.89
P0CL81	117	62.99
P0CL82	117	62.56
P0CW24	399	75.68
P0CZ25	163	47.33
P0DJ07	73	87.17
P0DJG4	465	62.58
P0DKB6	136	58.20
P0DKL9	152	80.75
P0DKX4	95	71.00
P0DL12	118	60.67
P0DMB1	279	44.46
P0DMB2	117	68.26
P0DMP1	27	66.25
P0DMQ5	153	58.51
P0DMQ9	161	67.67
P0DMR3	200	41.88
P0DMT0	46	81.54
P0DMU3	169	39.25
P0DMW3	68	68.73
P0DN24	101	65.88
P0DN76	240	78.57
P0DN79	551	90.11
P0DO92	83	67.54
P0DP71	79	64.00
P0DP72	767	81.74
P0DP75	135	56.77
P0DPA3	235	55.08
P0DPE3	317	65.21
P0DPE8	139	62.01
P0DPF5	203	49.61
P0DPF6	209	53.53
P0DPH9	108	69.90
P0DPP9	59	61.52
P0DPQ3	210	51.34
P0DPQ4	251	81.02
P0DSO1	240	53.11
P0DSO2	92	42.50
P0DSO3	117	62.30
P0DTW1	117	62.19
P10092	127	71.61
P10163	310	53.71
P13056	603	64.45
P13164	125	63.95
P13385	188	68.61
P13942	1736	49.56
P13985	223	52.36
P14209	185	60.72
P15248	144	84.41
P15502	786	35.97
P15515	57	63.19
P15516	51	66.33
P16150	400	52.73
P17152	192	77.91
P18583	2426	35.93
P18627	525	77.90
P18846	271	65.02
P20382	165	56.50
P20396	242	59.66
P20800	178	65.08
P21145	153	89.44
P21217	361	89.84
P21815	317	49.91
P22083	530	73.00
P22466	123	62.90
P22528	89	69.91
P22531	72	78.35
P22532	72	77.01
P23142	703	79.33
P23327	699	50.46
P23490	312	42.75
P23942	346	87.19
P24001	234	70.41
P24387	322	84.33
P26371	169	40.15
P26436	265	61.96
P27469	103	77.66
P27816	1152	43.09
P28290	1259	50.53
P28328	305	80.34
P28906	385	60.43
P30408	202	81.33
P31629	2446	36.06
P34910	448	50.95
P35321	89	69.47
P35325	72	79.87
P35326	72	77.89
P35575	357	92.62
P35663	651	45.84
P36915	607	76.97
P38432	576	58.45
P38435	758	85.75
P39210	176	90.35
P40205	109	45.63
P40238	635	72.35
P40305	122	51.84
P41134	155	65.44
P41440	591	72.48
P42695	1498	72.40
P42704	1394	77.57
P42857	185	61.25
P43307	286	76.16
P43308	183	91.27
P45378	269	77.29
P46019	1235	81.16
P46020	1223	81.38
P46695	156	65.39
P46821	2468	45.55
P48230	202	77.42
P48553	1259	78.48
P48645	174	63.45
P48651	473	80.03
P49006	195	54.97
P49619	791	77.06
P49640	407	57.26
P49754	854	86.31
P49842	368	70.59
P49901	116	45.98
P49918	316	63.46
P50748	2209	70.88
P50749	326	78.19
P51397	102	70.64
P51571	173	88.22
P51636	162	78.30
P51674	278	82.63
P51861	262	49.20
P51864	188	65.59
P51993	359	88.98
P52746	1687	59.56
P52823	247	78.31
P52824	942	81.10
P52926	109	64.56
P53701	268	76.92
P53804	2025	61.78
P54826	345	69.70
P55001	183	68.97
P55056	127	78.66
P55082	362	61.09
P55808	180	58.64
P55851	309	60.03
P55916	312	61.83
P56134	94	74.18
P56211	112	68.22
P56381	51	86.91
P56555	118	46.24
P56557	158	84.05
P56749	244	81.02
P56975	720	50.21
P57054	158	83.53
P57055	190	61.19
P57057	533	79.80
P57071	1507	49.16
P57076	290	86.56
P57678	1058	84.52
P57679	992	73.58
P57737	925	86.42
P57738	103	65.52
P58418	232	90.15
P58512	204	31.82
P58513	81	56.98
P59020	149	50.73
P59022	87	39.59
P59025	263	76.10
P59036	64	52.02
P59037	77	43.94
P59051	145	51.79
P59052	145	40.74
P59090	65	65.71
P59091	139	39.59
P59103	153	48.39
P59773	190	61.11
P59817	542	60.11
P59990	96	45.20
P59991	146	71.52
P60014	251	38.04
P60328	96	42.41
P60329	112	44.06
P60331	282	36.31
P60368	255	37.02
P60369	221	38.98
P60370	271	35.93
P60371	365	35.91
P60372	401	36.92
P60409	370	34.90
P60410	259	37.08
P60411	292	37.51
P60412	298	35.89
P60413	245	38.40
P60602	79	78.43
P61129	1189	50.68
P61236	119	90.42
P61366	133	66.18
P61565	698	68.32
P61568	191	49.46
P62633	177	70.64
P62952	87	62.20
P78332	1123	49.91
P78395	509	81.77
P78539	464	84.46
P79522	188	60.46
P80108	840	87.93
P80217	286	84.45
P80723	227	51.69
P81277	87	65.19
P81408	668	54.28
P82970	282	52.61
P82987	1691	66.00
P83436	770	82.79
P83859	136	57.80
P84101	59	81.61
P86434	159	33.69
P86452	979	64.92
P86478	221	51.60
P86479	221	48.69
P86480	221	48.41
P86481	221	48.50
P86496	221	52.87
P98095	1184	67.15
Q00587	391	53.99
Q00765	189	79.58
Q00887	426	87.11
Q00973	533	88.43
Q00LT1	54	63.77
Q01362	244	75.25
Q01628	133	59.48
Q01954	994	54.38
Q02040	695	69.34
Q02383	582	31.32
Q03135	178	78.20
Q03395	351	86.59
Q03701	1054	67.33
Q04118	309	50.13
Q04671	838	74.16
Q04900	197	66.54
Q04941	152	77.34
Q05084	483	69.54
Q05469	1076	64.10
Q05682	793	64.40
Q05952	138	58.67
Q05BU3	40	66.82
Q05DH4	1040	64.32
Q06250	92	60.62
Q06495	639	72.30
Q07092	1604	49.21
Q07325	125	87.88
Q07326	219	92.88
Q07507	201	85.35
Q07627	177	39.31
Q08648	103	64.06
Q08AM6	782	83.83
Q08E93	113	67.42
Q09327	533	79.42
Q09MP3	1159	33.95
Q0D2K0	466	72.39
Q0D2K3	151	59.77
Q0D2K5	195	74.41
Q0IIN9	211	31.35
Q0P140	79	49.69
Q0P5P2	90	76.51
Q0P641	193	52.46
Q0P651	414	80.51
Q0P670	501	50.85
Q0P6D2	419	85.81
Q0P6H9	643	91.49
Q0VAA5	305	80.43
Q0VD83	1097	41.21
Q0VD86	236	59.47
Q0VDD5	57	60.62
Q0VDD7	668	46.12
Q0VDI3	215	89.67
Q0VFX4	171	30.02
Q0VG73	95	47.13
Q0ZLH3	352	69.01
Q10571	1320	42.77
Q107X0	134	44.58
Q11130	342	92.50
Q12767	1356	73.62
Q12789	2109	65.32
Q12805	493	76.08
Q12816	1431	49.75
Q12857	509	62.80
Q12893	351	78.51
Q12946	379	57.94
Q12982	314	71.54
Q13021	153	89.84
Q13023	2319	42.14
Q13057	564	89.60
Q13061	729	47.15
Q13064	507	62.27
Q13066	116	65.56
Q13069	117	62.73
Q13070	117	62.58
Q13072	43	71.81
Q13111	956	57.42
Q13117	558	70.73
Q13129	1914	56.06
Q13145	260	64.67
Q13166	79	74.08
Q13203	477	84.86
Q13219	1627	78.97
Q13278	110	42.34
Q13286	438	80.83
Q13287	307	81.80
Q13316	513	47.60
Q13323	160	62.65
Q13326	291	80.49
Q13361	173	64.88
Q13433	755	61.36
Q13434	485	64.11
Q13442	181	76.16
Q13491	265	82.24
Q13495	774	44.11
Q13522	171	67.13
Q13536	156	46.38
Q13571	262	68.92
Q13790	326	63.41
Q14031	1691	47.17
Q14093	348	50.61
Q14119	521	57.32
Q14146	1524	82.94
Q14153	422	52.30
Q14159	915	62.43
Q14236	149	38.21
Q14246	886	76.81
Q14254	428	81.59
Q14257	317	77.48
Q14264	604	65.92
Q14296	549	74.58
Q14320	339	76.17
Q14442	188	87.05
Q14602	36	66.27
Q14641	139	48.79
Q14642	412	91.41
Q14656	261	92.05
Q14667	2235	70.71
Q14686	2063	37.17
Q14687	1217	53.96
Q14695	138	32.60
Q14699	578	64.71
Q14714	243	74.06
Q14761	206	57.87
Q14767	1821	58.18
Q14938	502	61.29
Q14956	572	77.35
Q14993	1142	54.35
Q14CZ0	275	69.11
Q14D04	833	72.39
Q14D33	572	48.92
Q14DG7	1078	69.93
Q15012	233	73.07
Q15035	370	85.51
Q15038	168	58.18
Q15041	203	84.83
Q15042	981	77.82
Q15049	377	70.96
Q15053	99	68.88
Q15155	1222	80.12
Q15198	375	83.52
Q15293	331	76.63
Q15361	905	56.74
Q15392	516	92.29
Q15415	496	50.39
Q15517	529	38.59
Q15526	300	81.14
Q15527	256	70.51
Q15572	869	64.36
Q15573	450	85.60
Q15629	374	83.59
Q15651	99	64.92
Q15726	138	58.44
Q15773	248	64.75
Q15800	293	93.66
Q15884	450	60.36
Q15929	161	90.56
Q16143	134	60.56
Q16206	610	76.77
Q16342	344	84.95
Q16378	134	64.86
Q16384	188	68.88
Q16385	188	68.44
Q16533	368	70.96
Q16553	131	77.22
Q16563	259	82.84
Q16585	318	77.47
Q16610	540	67.85
Q16612	68	65.41
Q16626	185	64.62
Q16635	292	87.54
Q16656	503	61.19
Q17R55	369	86.19
Q17R60	797	58.54
Q17RA5	79	70.21
Q17RF5	130	61.74
Q17RH7	258	46.29
Q17RM4	750	69.74
Q17RQ9	610	70.56
Q17RW2	1714	49.26
Q17RY6	165	73.11
Q19AV6	140	92.07
Q19T08	205	56.54
Q1A5X6	159	47.91
Q1AE95	376	73.10
Q1ED39	458	54.29
Q1RMZ1	405	79.07
Q1RN00	199	56.93
Q1T7F1	81	55.01
Q1W209	222	41.90
Q1W6H9	321	60.53
Q1ZYL8	232	81.64
Q24JP5	1023	72.93
Q2KHR3	1735	43.67
Q2KHT3	1053	70.75
Q2M2E3	257	54.94
Q2M2E5	130	48.59
Q2M2W7	97	66.38
Q2M389	1173	83.91
Q2M3A8	158	45.91
Q2M3C6	531	53.89
Q2MV58	587	77.01
Q2NL68	480	57.57
Q2PZI1	675	88.43
Q2QL34	196	84.76
Q2T9K0	475	58.88
Q2TAP0	167	78.05
Q2TB10	664	61.54
Q2TB18	679	85.48
Q2TBC4	344	68.55
Q2TBF2	565	78.47
Q2VPB7	878	80.28
Q2VPJ9	315	73.01
Q2VPK5	515	79.55
Q2WEN9	425	90.96
Q2WGJ9	1857	76.34
Q30KP8	78	83.41
Q30KR1	87	77.99
Q32M84	506	79.32
Q32M92	178	41.25
Q32MH5	1076	55.12
Q32NC0	220	74.06
Q32Q52	190	54.12
Q32ZL2	321	81.88
Q3B7I2	92	81.80
Q3B7S5	101	68.93
Q3B7T1	1238	75.12
Q3C1V1	193	63.92
Q3C1V9	767	51.89
Q3KNT9	176	81.48
Q3KRA6	126	90.93
Q3LHN0	102	35.11
Q3LHN1	58	44.47
Q3LHN2	52	43.83
Q3LI54	63	51.73
Q3LI58	79	45.12
Q3LI59	83	34.84
Q3LI60	44	42.61
Q3LI61	65	44.82
Q3LI62	44	57.87
Q3LI63	56	45.98
Q3LI64	71	43.22
Q3LI66	62	42.57
Q3LI67	103	39.07
Q3LI68	45	39.97
Q3LI70	58	50.00
Q3LI72	72	49.32
Q3LI73	84	54.70
Q3LI76	137	49.70
Q3LI77	160	44.01
Q3LI81	207	51.30
Q3LI83	254	40.72
Q3MHD2	195	90.51
Q3MIP1	535	78.95
Q3MIV0	48	40.53
Q3MIW9	517	46.63
Q3MJ13	1102	67.26
Q3MUY2	71	88.63
Q3SX64	289	67.34
Q3SXR2	165	48.89
Q3SY46	172	44.31
Q3SY56	376	48.23
Q3SYC2	334	94.70
Q3SYF9	63	51.10
Q3Y452	100	54.20
Q3YBM2	270	69.82
Q3ZCQ2	193	56.90
Q3ZCQ3	159	63.75
Q3ZCV2	418	64.49
Q3ZM63	59	63.18
Q494R0	122	33.18
Q495M3	483	84.05
Q495N2	470	84.70
Q495W5	492	85.37
Q495Z4	193	51.68
Q496A3	300	57.21
Q499Y3	187	59.26
Q499Z3	407	72.29
Q49AG3	693	81.41
Q49AJ0	1406	60.58
Q49AR2	442	83.90
Q4AC94	2353	55.41
Q4ADV7	1423	72.86
Q4AE62	458	82.60
Q4G0A6	757	68.51
Q4G0G2	97	39.59
Q4G0I0	132	63.59
Q4G0M1	354	70.26
Q4G0N0	100	63.31
Q4G0N4	442	83.01
Q4G0N7	80	55.84
Q4G0N8	1177	74.33
Q4G0U5	840	62.40
Q4KMG9	183	59.47
Q4KMX7	169	29.56
Q4KMZ1	466	51.45
Q4KMZ8	207	76.30
Q4V321	117	63.04
Q4V326	110	63.88
Q4V9L6	283	58.41
Q4VC05	210	62.26
Q4VC12	460	87.42
Q4VC39	106	61.27
Q4VX62	202	33.10
Q4VXA5	237	68.43
Q4W4Y0	310	84.50
Q4ZG55	1949	70.17
Q4ZIN3	620	63.43
Q52LD8	501	67.94
Q52LG2	175	46.53
Q52LJ0	433	72.98
Q52M58	125	50.27
Q52M75	96	46.95
Q52MB2	194	66.32
Q538Z0	58	67.39
Q53EU6	434	85.03
Q53F39	396	89.63
Q53FE4	359	56.17
Q53FP2	167	81.37
Q53G44	452	86.23
Q53GD3	710	83.45
Q53H64	114	76.03
Q53HI1	259	88.20
Q53QV2	105	64.97
Q53QW1	395	47.55
Q53R12	229	73.88
Q53R41	847	85.07
Q53RD9	439	81.83
Q53RY4	240	77.24
Q53S58	311	90.47
Q53S99	150	54.02
Q53SZ7	412	58.81
Q53T94	588	78.41
Q53TQ3	1027	51.01
Q53TS8	623	52.48
Q567V2	206	88.07
Q569G3	176	59.67
Q569K4	471	60.74
Q56P03	285	75.35
Q56VL3	154	57.49
Q587I9	215	57.05
Q58A44	107	78.39
Q58HT5	328	93.12
Q5BIV9	151	53.91
Q5BJD5	291	83.15
Q5BJF2	176	90.67
Q5BJH2	165	69.09
Q5BJH7	314	73.34
Q5BKT4	473	93.14
Q5BKU9	147	64.38
Q5BKX5	351	82.89
Q5BKX6	768	65.55
Q5BKY6	102	59.43
Q5BKZ1	582	53.89
Q5BN46	136	76.11
Q5BVD1	217	75.79
Q5FWE3	981	51.20
Q5FWF7	155	82.82
Q5GH77	459	76.25
Q5H8A3	153	62.47
Q5H8C1	2179	74.29
Q5H9B9	411	52.88
Q5H9J9	407	82.83
Q5H9S7	520	87.03
Q5H9T9	825	47.09
Q5H9U9	1706	80.09
Q5HY64	1035	49.56
Q5HYA8	995	84.25
Q5HYL7	178	78.14
Q5HYR2	192	62.88
Q5HYW2	1225	47.42
Q5I0X4	101	70.13
Q5I7T1	473	92.72
Q5JPE7	1267	78.63
Q5JPI3	329	75.61
Q5JQC4	288	52.77
Q5JQF7	62	54.82
Q5JQS6	135	66.89
Q5JRC9	791	47.80
Q5JRM2	361	53.87
Q5JRV8	349	65.71
Q5JSQ8	128	87.66
Q5JSZ5	2229	38.30
Q5JTH9	1297	78.13
Q5JTZ5	239	57.55
Q5JUK2	328	56.12
Q5JUK9	113	63.95
Q5JUQ0	283	89.00
Q5JVS0	413	56.04
Q5JWR5	2465	66.93
Q5JX69	171	58.02
Q5JX71	171	58.64
Q5JXM2	366	77.80
Q5JXX7	168	67.15
Q5K130	101	54.91
Q5K131	121	39.26
Q5M7Z0	435	71.66
Q5MIZ7	849	76.00
Q5MJ07	72	67.32
Q5MJ08	99	70.12
Q5MJ09	141	64.10
Q5MJ10	180	58.36
Q5MNV8	452	87.12
Q5PR19	223	57.71
Q5QFB9	102	44.33
Q5QGS0	1516	40.70
Q5QGT7	225	80.92
Q5QJ74	424	90.30
Q5RHP9	1530	43.61
Q5SNV9	1468	46.68
Q5SQ64	297	76.09
Q5SQH8	315	61.50
Q5SQS8	335	60.44
Q5SR53	167	50.79
Q5SRD1	188	54.72
Q5SRN2	563	45.77
Q5SRR4	150	79.03
Q5SSG8	566	75.52
Q5SV17	173	59.02
Q5SV97	790	44.34
Q5SVJ3	147	64.15
Q5SW24	774	50.86
Q5SWH9	247	74.56
Q5SWL8	479	83.31
Q5SWW7	151	51.67
Q5SWX8	454	80.95
Q5SXH7	465	58.56
Q5SY13	56	77.13
Q5SY85	155	37.46
Q5SYE7	1610	40.55
Q5SZB4	431	44.50
Q5SZD1	244	48.70
Q5T035	196	48.99
Q5T036	256	54.51
Q5T0D9	272	72.38
Q5T0L3	261	56.64
Q5T0Z8	1188	47.23
Q5T197	706	79.17
Q5T1A1	773	72.64
Q5T1J6	154	44.40
Q5T200	1668	46.50
Q5T230	341	65.88
Q5T2E6	689	84.32
Q5T319	152	48.25
Q5T3F8	832	72.15
Q5T3I0	446	57.66
Q5T3Y7	98	55.86
Q5T4H9	136	53.37
Q5T4I8	152	57.20
Q5T4T1	132	88.92
Q5T5A4	169	72.71
Q5T5A8	94	56.97
Q5T5B0	92	59.04
Q5T5F5	129	49.62
Q5T686	147	71.47
Q5T6M2	205	49.15
Q5T6R2	138	48.40
Q5T6V5	341	96.12
Q5T6X4	162	61.91
Q5T700	205	83.54
Q5T742	122	54.49
Q5T749	579	50.46
Q5T750	250	45.01
Q5T751	118	52.37
Q5T752	114	52.31
Q5T753	118	52.28
Q5T754	118	51.92
Q5T7M4	302	73.35
Q5T7M9	428	83.58
Q5T7N8	215	57.66
Q5T7P2	110	52.88
Q5T7P3	118	51.59
Q5T7P6	136	66.75
Q5T848	1215	58.37
Q5T870	116	48.05
Q5T8A7	1209	46.06
Q5T8I3	360	70.18
Q5T8R8	295	46.13
Q5T953	404	55.60
Q5T9C2	384	68.83
Q5TA76	89	56.79
Q5TA77	95	57.26
Q5TA78	99	53.17
Q5TA79	106	53.00
Q5TA81	110	52.85
Q5TA82	110	52.59
Q5TAA0	569	89.59
Q5TAB7	128	61.98
Q5TAT6	717	57.97
Q5TC04	95	53.00
Q5TC84	451	70.64
Q5TCM9	118	52.06
Q5TEA3	1177	84.01
Q5TEJ8	643	75.26
Q5TEZ4	76	64.64
Q5TFG8	222	73.27
Q5TG53	156	51.10
Q5TG92	126	55.49
Q5TGP6	573	77.39
Q5TGY3	1603	38.66
Q5TGZ0	78	74.53
Q5TH69	2177	65.11
Q5TH74	334	63.64
Q5THK1	2151	34.91
Q5TIE3	1220	66.49
Q5TYM5	149	85.76
Q5TYX0	476	84.88
Q5TZJ5	1347	38.76
Q5TZK3	123	48.05
Q5U3C3	297	90.02
Q5U5X8	452	49.34
Q5U623	682	56.07
Q5U649	245	80.33
Q5VSD8	79	54.56
Q5VSR9	72	68.90
Q5VT03	806	47.60
Q5VT28	67	62.81
Q5VT33	79	51.94
Q5VT40	261	94.85
Q5VT98	475	85.15
Q5VTA0	474	76.28
Q5VTB9	566	58.56
Q5VTT2	229	64.81
Q5VU65	1888	79.30
Q5VUB5	890	56.80
Q5VUE5	145	72.46
Q5VVB8	128	84.82
Q5VVP1	1343	38.64
Q5VW36	1801	83.23
Q5VW38	600	69.71
Q5VWC8	232	86.61
Q5VWM5	478	84.77
Q5VWN6	2430	39.75
Q5VXH5	474	86.41
Q5VXT5	272	79.32
Q5VXU9	1444	48.87
Q5VY09	327	55.74
Q5VY43	1037	68.48
Q5VYK3	1845	83.55
Q5VYM1	1079	39.19
Q5VYP0	1347	38.40
Q5VYS4	303	74.73
Q5VYV7	408	54.89
Q5VZ19	366	73.01
Q5VZ46	1190	42.40
Q5VZ72	239	85.59
Q5VZI3	342	69.38
Q5VZQ5	186	62.29
Q5VZR2	741	51.11
Q5VZT2	155	49.36
Q5VZY2	271	91.63
Q5W0A0	696	53.08
Q5W0B7	351	72.12
Q5W0N0	161	69.86
Q5W0Q7	1092	53.14
Q5W0V3	765	79.93
Q5W150	140	41.49
Q5W5W9	228	45.58
Q5XG85	94	56.56
Q5XG99	296	62.86
Q5XKK7	198	64.71
Q5XKP0	118	85.90
Q5XKR9	115	61.14
Q5YKI7	109	59.18
Q5ZPR3	534	84.24
Q63HM2	1172	78.39
Q63HN1	556	46.84
Q641Q3	311	83.62
Q64ET8	278	60.88
Q658L1	398	70.64
Q658T7	463	48.99
Q658Y4	838	76.62
Q659A1	982	64.56
Q66K41	422	60.56
Q66K66	360	75.32
Q66K74	1059	64.80
Q66K80	236	49.17
Q66PJ3	421	52.61
Q68CJ6	796	78.36
Q68CL5	300	72.76
Q68CP4	663	79.60
Q68CP9	1835	51.05
Q68CQ1	1323	65.86
Q68CQ4	756	78.17
Q68D20	193	62.69
Q68D42	235	53.44
Q68DE3	2245	36.06
Q68DL7	685	61.70
Q68DN1	1984	35.03
Q68DW6	58	59.74
Q68EN5	471	76.49
Q69YG0	159	72.28
Q69YI7	327	69.42
Q69YN4	1812	69.60
Q69YW2	141	58.56
Q69YZ2	307	53.34
Q6AHZ1	1483	40.69
Q6AI08	1181	79.86
Q6AI39	1079	45.28
Q6AWC8	147	36.93
Q6B9Z1	124	78.23
Q6BAA4	426	74.90
Q6BDI9	236	80.96
Q6DHV5	1437	67.99
Q6E213	333	94.17
Q6EBC2	164	80.74
Q6F5E7	133	60.30
Q6GMV1	187	78.68
Q6GPH6	555	78.49
Q6GTS8	502	89.31
Q6GYQ0	2036	69.82
Q6IBW4	605	62.62
Q6IC83	251	51.67
Q6ICC9	239	76.93
Q6ICG6	404	72.11
Q6ICL3	276	95.05
Q6IED9	249	68.05
Q6IPT2	247	64.36
Q6IPU0	288	85.12
Q6IPX3	200	57.66
Q6IQ32	1131	56.44
Q6J272	317	62.55
Q6J4K2	584	80.36
Q6JBY9	416	55.47
Q6JHZ5	121	31.75
Q6L8G4	156	41.45
Q6L8G5	202	46.31
Q6L8G8	165	43.14
Q6L8G9	129	45.60
Q6L8H1	288	47.56
Q6L8H2	238	35.81
Q6L8H4	278	38.41
Q6L9T8	149	84.27
Q6MZM9	219	55.08
Q6MZN7	132	42.98
Q6MZQ0	368	68.38
Q6N043	979	54.84
Q6NSI3	398	52.28
Q6NSW5	357	90.34
Q6NT46	116	65.59
Q6NT89	227	69.12
Q6NTE8	343	55.97
Q6NTF9	364	67.49
Q6NUI1	221	46.54
Q6NUI2	795	77.83
Q6NUK4	255	64.23
Q6NUN7	778	51.06
Q6NUN9	644	51.63
Q6NUP7	873	78.83
Q6NUQ4	689	78.72
Q6NUR6	42	66.33
Q6NUS6	607	70.97
Q6NUT2	758	81.46
Q6NV74	962	49.32
Q6NVH7	229	82.69
Q6NVV0	33	58.22
Q6NVV3	410	80.56
Q6NVV7	123	86.95
Q6NW34	567	64.07
Q6NXN4	242	67.30
Q6NXP0	572	64.55
Q6NXP2	309	63.07
Q6NXR4	508	84.31
Q6NXS1	205	67.59
Q6NXT6	567	71.02
Q6NZY7	148	63.06
Q6P050	247	60.54
Q6P0A1	183	77.64
Q6P1A2	487	92.07
Q6P1J6	1458	81.86
Q6P1K1	146	87.63
Q6P1R3	559	64.66
Q6P1S2	294	68.38
Q6P1W5	598	44.66
Q6P1X6	216	86.91
Q6P2C0	686	76.92
Q6P2D8	792	55.18
Q6P2H8	277	89.56
Q6P387	395	49.49
Q6P3W6	841	49.25
Q6P499	406	75.13
Q6P4A7	337	85.43
Q6P4D5	195	62.18
Q6P4F1	479	87.65
Q6P5X5	142	77.50
Q6P6B1	374	49.15
Q6P7N7	255	83.63
Q6P995	826	57.93
Q6P9G4	183	63.00
Q6PB30	78	63.16
Q6PDA7	123	57.99
Q6PEW1	402	70.45
Q6PEX3	210	42.70
Q6PEX7	206	60.72
Q6PEY1	159	68.98
Q6PGN9	363	57.28
Q6PGQ1	229	56.62
Q6PGQ7	559	50.09
Q6PI77	547	59.38
Q6PI78	240	72.13
Q6PIJ6	1188	66.98
Q6PIY5	440	87.86
Q6PJ61	603	43.60
Q6PJF5	856	67.71
Q6PJT7	736	56.50
Q6PJW8	725	52.25
Q6PK18	319	85.78
Q6PKC3	985	70.19
Q6PL45	260	71.12
Q6PP77	449	80.60
Q6PRD1	2367	42.65
Q6PRD7	247	34.72
Q6Q0C1	308	83.23
Q6Q6R5	217	74.56
Q6Q795	121	44.48
Q6QAJ8	160	91.98
Q6QHC5	323	96.43
Q6QNK2	874	72.64
Q6R2W3	1325	73.81
Q6RUI8	117	38.17
Q6RVD6	105	56.39
Q6S9Z5	364	66.52
Q6SJ93	734	69.56
Q6T4P5	718	58.87
Q6T4R5	1651	43.33
Q6U949	168	58.00
Q6ULP2	936	46.16
Q6UQ28	207	76.04
Q6URK8	271	52.88
Q6UW10	78	69.17
Q6UW32	110	82.10
Q6UW49	350	57.60
Q6UW56	229	87.05
Q6UW68	189	92.91
Q6UWB1	636	78.99
Q6UWD8	224	58.94
Q6UWF5	114	43.01
Q6UWF7	544	90.60
Q6UWF9	173	86.61
Q6UWH4	519	71.65
Q6UWH6	196	82.33
Q6UWI2	310	52.17
Q6UWJ8	174	65.59
Q6UWK7	81	70.03
Q6UWP7	414	89.37
Q6UWP8	590	50.81
Q6UWQ7	119	74.91
Q6UWT4	87	65.25
Q6UWW9	146	63.76
Q6UX01	489	80.62
Q6UX34	121	65.70
Q6UX39	209	47.83
Q6UX40	140	94.32
Q6UX52	265	72.67
Q6UX65	266	91.51
Q6UX71	529	69.19
Q6UX73	402	71.97
Q6UX82	237	79.38
Q6UX98	284	89.79
Q6UXA7	325	43.03
Q6UXB0	366	52.60
Q6UXB1	125	72.26
Q6UXB2	119	59.38
Q6UXD1	115	63.82
Q6UXF1	575	45.68
Q6UXG2	1013	76.79
Q6UXH1	353	87.83
Q6UXH8	406	65.13
Q6UXP3	125	56.39
Q6UXP9	181	35.40
Q6UXQ4	117	71.45
Q6UXQ8	127	60.22
Q6UXR8	122	43.95
Q6UXT9	468	78.57
Q6UXU0	137	48.36
Q6UXU6	159	67.85
Q6UXV3	157	31.54
Q6UXV4	268	70.87
Q6UXY8	1006	63.09
Q6UY13	95	71.82
Q6VUC0	442	67.21
Q6VY07	963	64.36
Q6W0C5	159	62.63
Q6W349	94	59.45
Q6WQI6	88	54.67
Q6X784	338	86.81
Q6X9E4	464	87.95
Q6XCG6	107	39.99
Q6XLA1	102	44.52
Q6XXX2	140	39.27
Q6Y1H2	254	77.22
Q6YBV0	504	81.65
Q6YL49	198	53.85
Q6ZMB5	413	71.46
Q6ZMK1	362	83.22
Q6ZMN7	1036	59.52
Q6ZMS7	281	69.20
Q6ZMT9	781	70.23
Q6ZMV5	832	75.38
Q6ZMZ0	732	57.71
Q6ZN03	302	33.17
Q6ZN28	852	70.60
Q6ZN30	1099	53.41
Q6ZN68	376	80.58
Q6ZNA5	592	88.58
Q6ZNB6	911	73.66
Q6ZNB7	445	94.13
Q6ZNC8	495	89.85
Q6ZNM6	134	62.27
Q6ZNR0	172	58.98
Q6ZNW5	385	90.70
Q6ZP68	121	38.80
Q6ZP80	229	87.86
Q6ZPA2	131	37.38
Q6ZPB5	146	29.12
Q6ZPD8	337	92.68
Q6ZPD9	716	88.68
Q6ZQQ2	1576	39.27
Q6ZQT0	140	50.88
Q6ZQT7	251	50.58
Q6ZQX7	453	42.41
Q6ZQY7	126	53.55
Q6ZR03	302	27.07
Q6ZR54	194	43.63
Q6ZR62	310	48.48
Q6ZR85	190	58.42
Q6ZRG5	221	54.47
Q6ZRI6	1047	47.78
Q6ZRM9	215	46.08
Q6ZRN7	208	47.61
Q6ZRP0	262	58.26
Q6ZRP5	223	43.54
Q6ZRQ5	1243	81.43
Q6ZRR5	245	95.08
Q6ZRT6	265	56.49
Q6ZRU5	148	30.72
Q6ZRV3	163	30.77
Q6ZRX8	168	37.40
Q6ZS11	566	66.04
Q6ZS46	218	28.64
Q6ZS49	121	39.85
Q6ZS52	159	51.97
Q6ZS62	124	39.15
Q6ZS92	163	31.04
Q6ZS94	237	44.85
Q6ZSA8	131	42.02
Q6ZSB3	139	44.54
Q6ZSK4	140	34.41
Q6ZSN1	163	60.41
Q6ZSR3	168	48.07
Q6ZSR6	202	49.51
Q6ZSR9	355	55.13
Q6ZSS7	791	65.87
Q6ZSV7	163	36.08
Q6ZT21	453	91.58
Q6ZTA4	783	76.51
Q6ZTC4	211	41.60
Q6ZTI0	123	48.56
Q6ZTI6	216	62.93
Q6ZTK2	550	87.66
Q6ZTQ3	369	70.39
Q6ZTR6	163	42.36
Q6ZTU2	488	50.49
Q6ZTW0	290	79.69
Q6ZTY9	151	46.13
Q6ZU35	1233	53.87
Q6ZU64	1925	71.00
Q6ZU65	1347	51.01
Q6ZUA9	1318	75.73
Q6ZUB0	917	45.43
Q6ZUB1	1445	38.49
Q6ZUF6	198	52.65
Q6ZUG5	572	72.07
Q6ZUI0	275	73.84
Q6ZUJ4	267	63.27
Q6ZUK4	368	77.71
Q6ZUL3	223	33.23
Q6ZUT1	292	61.97
Q6ZUT4	128	50.02
Q6ZUU3	175	47.95
Q6ZUX3	1019	61.44
Q6ZUX7	228	82.23
Q6ZV56	151	34.45
Q6ZV60	143	44.30
Q6ZV65	393	62.38
Q6ZV77	190	49.99
Q6ZV80	131	51.19
Q6ZVC0	841	49.02
Q6ZVE7	132	76.14
Q6ZVF9	776	47.07
Q6ZVH6	145	39.43
Q6ZVK1	233	88.91
Q6ZVL6	1849	44.30
Q6ZVL8	140	35.53
Q6ZVN7	128	52.94
Q6ZVS7	135	79.36
Q6ZVT6	689	53.26
Q6ZVU0	165	36.81
Q6ZVX9	377	85.66
Q6ZW13	317	55.87
Q6ZW61	710	74.04
Q6ZWC4	215	34.23
Q6ZWK4	172	65.75
Q6ZWT7	520	86.21
Q701N2	237	41.69
Q701N4	177	40.85
Q70CQ1	688	71.12
Q70CQ4	1352	57.18
Q70EL1	1684	48.36
Q70EL2	814	65.90
Q70EL4	1123	60.41
Q70Z44	454	63.25
Q70Z53	315	71.92
Q711Q0	1435	41.54
Q717R9	158	64.82
Q71F56	2210	55.76
Q71F78	164	55.27
Q71H61	639	56.15
Q71RC1	249	29.70
Q71RG6	208	31.34
Q71RH2	274	89.30
Q71RS6	500	76.00
Q75L30	129	52.82
Q75NE6	70	63.46
Q75T13	922	88.68
Q765I0	119	67.07
Q76B58	766	78.77
Q76NI1	1749	60.42
Q7L0X2	663	63.47
Q7L190	304	65.61
Q7L1I2	683	82.57
Q7L1S5	443	77.45
Q7L2K0	433	67.18
Q7L3V2	364	53.74
Q7L4E1	593	67.89
Q7L4I2	434	56.11
Q7L4S7	300	43.61
Q7L5A3	538	55.38
Q7L5Y6	550	88.75
Q7L775	607	85.19
Q7L8L6	764	77.96
Q7L9B9	569	74.21
Q7LFX5	561	79.71
Q7LGC8	479	79.84
Q7RTP0	329	84.52
Q7RTS9	669	87.04
Q7RTT3	188	66.64
Q7RTT4	187	67.98
Q7RTT5	188	67.64
Q7RTT6	188	68.07
Q7RTU9	1775	68.81
Q7RTV5	226	83.33
Q7RTW8	1153	84.16
Q7Z2D5	763	55.93
Q7Z2F6	126	68.05
Q7Z2K8	1008	43.19
Q7Z2V1	217	57.73
Q7Z2Y8	2422	72.59
Q7Z2Z1	1910	48.07
Q7Z309	247	59.26
Q7Z388	723	85.68
Q7Z3D4	306	63.04
Q7Z3J2	963	84.19
Q7Z3K6	550	57.82
Q7Z402	723	77.53
Q7Z403	805	72.27
Q7Z404	712	78.44
Q7Z417	695	48.23
Q7Z418	384	70.88
Q7Z429	371	71.65
Q7Z465	357	67.45
Q7Z4B0	112	62.38
Q7Z4H9	259	46.72
Q7Z4K8	759	80.07
Q7Z4L5	1316	83.63
Q7Z4P5	450	69.98
Q7Z4R8	191	79.69
Q7Z4U5	140	56.32
Q7Z4V0	828	48.75
Q7Z4W3	81	51.32
Q7Z5A7	132	84.48
Q7Z5A8	133	87.16
Q7Z5A9	133	87.01
Q7Z5H4	357	63.86
Q7Z5L4	167	68.56
Q7Z5S9	345	88.22
Q7Z5V6	425	54.46
Q7Z695	626	71.88
Q7Z6I5	190	41.50
Q7Z6I8	188	56.18
Q7Z6J8	389	79.14
Q7Z6J9	526	72.10
Q7Z6L0	340	52.02
Q7Z6M2	555	81.61
Q7Z6M3	343	74.53
Q7Z6Z6	429	81.18
Q7Z745	1585	84.28
Q7Z7B1	504	87.19
Q7Z7B7	95	70.96
Q7Z7H3	387	86.01
Q7Z7J9	78	67.83
Q7Z7L8	435	55.75
Q7Z7M1	963	72.18
Q7Z7N9	219	86.11
Q86SG3	579	58.64
Q86SG4	172	61.80
Q86SH2	424	53.81
Q86SH4	94	55.07
Q86SI9	138	47.57
Q86SP6	731	53.54
Q86SQ6	560	63.98
Q86SU0	546	59.08
Q86SX3	495	63.75
Q86SY8	53	69.34
Q86T03	277	69.40
Q86T96	592	57.01
Q86TA4	180	28.27
Q86TC9	1320	52.70
Q86TG1	271	89.97
Q86TL2	294	68.78
Q86TS7	51	61.92
Q86TU6	105	58.03
Q86TY3	774	44.15
Q86U02	117	63.46
Q86UA6	219	81.29
Q86UB2	503	65.72
Q86UB9	458	86.87
Q86UD1	273	87.41
Q86UK7	904	62.36
Q86UL3	456	85.83
Q86UQ5	136	55.24
Q86UQ8	179	59.06
Q86UT8	332	75.79
Q86UU5	652	43.74
Q86UW1	340	82.86
Q86V15	1759	51.55
Q86V40	505	70.71
Q86V42	546	62.47
Q86V59	439	60.65
Q86V85	440	81.32
Q86V87	743	79.78
Q86VD9	579	87.13
Q86VF2	1251	78.02
Q86VF5	341	92.51
Q86VG3	221	65.05
Q86VI4	317	60.97
Q86VM9	953	50.92
Q86VP3	889	66.22
Q86VR2	466	60.92
Q86VR7	867	69.83
Q86VS3	1027	77.35
Q86VY9	491	52.53
Q86VZ4	500	67.89
Q86VZ6	243	68.92
Q86W33	373	73.22
Q86W67	206	64.05
Q86WB0	502	68.03
Q86WG3	371	69.51
Q86WI3	1866	72.51
Q86WP2	473	53.77
Q86WU2	507	89.98
Q86X10	1494	74.63
Q86X19	198	85.58
Q86X29	649	57.22
Q86X51	503	48.65
Q86X53	443	65.38
Q86X59	251	41.82
Q86X60	149	85.24
Q86XA9	2040	80.88
Q86XD5	332	55.03
Q86XG9	351	64.46
Q86XI2	1143	88.04
Q86XI8	627	68.56
Q86XN7	944	44.68
Q86XT9	240	67.61
Q86XZ4	545	63.19
Q86Y22	540	60.15
Q86Y26	1132	45.06
Q86Y27	43	69.56
Q86Y28	39	73.53
Q86Y29	109	42.47
Q86Y30	109	43.26
Q86Y56	855	92.59
Q86YD3	366	63.22
Q86YD7	464	49.77
Q86YJ5	346	64.12
Q86YL5	185	60.08
Q86YV9	775	77.79
Q86YW9	2145	65.04
Q8IUA0	241	86.17
Q8IUB9	90	49.23
Q8IUC0	172	46.94
Q8IUC1	163	39.52
Q8IUC2	63	41.39
Q8IUC3	87	35.63
Q8IUG1	177	42.22
Q8IUH8	684	66.99
Q8IUI4	249	61.57
Q8IUL8	1156	80.72
Q8IUW5	271	60.60
Q8IUX1	230	80.93
Q8IV08	490	91.02
Q8IV31	216	64.59
Q8IV33	1275	73.45
Q8IV35	697	72.29
Q8IV36	788	84.41
Q8IV42	348	75.71
Q8IV56	129	59.58
Q8IVA1	136	70.60
Q8IVB5	337	77.76
Q8IVF1	878	46.56
Q8IVJ1	513	77.82
Q8IVJ8	170	39.61
Q8IVK1	47	60.49
Q8IVL6	736	80.99
Q8IVT2	679	53.73
Q8IVV8	208	69.32
Q8IVY1	113	65.09
Q8IW00	320	74.36
Q8IW50	185	63.49
Q8IW70	566	64.12
Q8IWA6	550	66.75
Q8IWB1	547	78.50
Q8IWB4	1347	38.24
Q8IWB9	1127	55.34
Q8IWD4	279	60.68
Q8IWD5	586	74.03
Q8IWF2	684	87.16
Q8IWF6	608	84.02
Q8IWG1	891	76.09
Q8IWL8	128	55.92
Q8IWN6	122	35.78
Q8IWR1	403	84.98
Q8IWV1	398	47.47
Q8IWY4	988	78.90
Q8IWY9	1227	71.29
Q8IX21	1173	55.02
Q8IX30	993	77.28
Q8IXB3	177	54.71
Q8IXM6	262	89.22
Q8IXM7	274	69.96
Q8IXP5	236	53.42
Q8IXQ3	194	59.08
Q8IXR5	679	65.54
Q8IXR9	622	70.80
Q8IXS0	508	49.98
Q8IXT1	998	43.02
Q8IXT5	1001	57.44
Q8IXX5	376	73.19
Q8IY21	1712	82.24
Q8IY42	314	56.05
Q8IY50	421	74.99
Q8IY81	847	70.98
Q8IY85	973	52.96
Q8IYB0	196	36.69
Q8IYI0	205	66.44
Q8IYJ0	282	54.22
Q8IYL2	757	74.54
Q8IYL3	243	60.22
Q8IYN2	117	65.41
Q8IYP9	409	78.73
Q8IYR0	622	85.64
Q8IYS2	634	84.72
Q8IYT1	594	52.11
Q8IYX3	613	49.85
Q8IYX7	474	67.46
Q8IZ13	594	82.35
Q8IZ52	775	85.00
Q8IZ57	195	69.40
Q8IZ63	422	52.15
Q8IZ96	169	67.05
Q8IZC6	1860	48.21
Q8IZF2	1346	74.22
Q8IZF3	695	77.64
Q8IZL8	1130	62.63
Q8IZM0	81	45.25
Q8IZM8	581	56.28
Q8IZN3	488	72.44
Q8IZN7	70	83.94
Q8IZR5	234	73.20
Q8IZU1	332	65.46
Q8IZV2	173	77.45
Q8IZY5	108	48.85
Q8J025	514	81.54
Q8N0S6	344	83.19
Q8N0U2	210	59.51
Q8N0U7	546	62.56
Q8N0V1	137	43.83
Q8N0W3	1084	92.59
Q8N108	512	62.02
Q8N111	149	60.05
Q8N114	240	58.76
Q8N123	301	47.93
Q8N129	248	79.35
Q8N130	599	75.51
Q8N131	208	59.59
Q8N139	1617	77.10
Q8N187	725	55.13
Q8N1B4	723	85.82
Q8N1D0	253	31.95
Q8N1F8	1088	67.56
Q8N1G0	1237	52.14
Q8N1I8	211	44.08
Q8N1K5	641	75.55
Q8N1L1	170	31.33
Q8N1N2	210	58.99
Q8N1N5	446	33.92
Q8N1V8	128	51.29
Q8N1X5	172	44.57
Q8N1Y9	231	31.94
Q8N268	126	44.25
Q8N271	834	85.59
Q8N2A0	174	42.91
Q8N2B8	174	29.37
Q8N2C3	294	62.64
Q8N2G6	241	69.23
Q8N2H4	156	91.86
Q8N2M4	240	90.08
Q8N2S1	1624	63.91
Q8N2U0	113	96.05
Q8N2U9	271	85.56
Q8N307	709	50.25
Q8N319	242	49.16
Q8N323	547	91.28
Q8N344	545	56.66
Q8N365	385	54.89
Q8N370	569	78.42
Q8N377	158	50.95
Q8N386	305	70.00
Q8N387	334	53.08
Q8N398	1242	64.57
Q8N3A8	854	65.36
Q8N3F0	131	82.50
Q8N3F9	429	66.54
Q8N3G9	435	78.92
Q8N3H0	131	88.38
Q8N3J3	647	54.79
Q8N3R3	496	79.63
Q8N3S3	785	59.78
Q8N3T6	1108	69.74
Q8N3U1	123	30.66
Q8N3V7	929	50.67
Q8N3Z0	413	79.26
Q8N3Z3	284	87.93
Q8N3Z6	543	53.61
Q8N402	240	51.29
Q8N412	459	62.29
Q8N446	348	44.76
Q8N468	514	76.99
Q8N485	282	84.14
Q8N4B5	295	61.86
Q8N4C0	152	38.07
Q8N4C9	275	45.59
Q8N4F7	328	82.70
Q8N4H0	392	56.66
Q8N4K4	120	58.02
Q8N4L1	468	71.36
Q8N4L2	257	72.07
Q8N4L4	309	54.48
Q8N4M1	653	80.29
Q8N4M7	172	35.31
Q8N4S0	544	64.56
Q8N511	208	80.98
Q8N535	108	60.30
Q8N567	271	69.20
Q8N594	471	70.25
Q8N5C7	304	80.17
Q8N5I3	272	81.49
Q8N5N4	141	66.08
Q8N5Q1	922	43.89
Q8N5S3	287	53.72
Q8N5U0	333	71.76
Q8N5W9	214	52.50
Q8N609	369	80.24
Q8N612	972	68.40
Q8N614	296	40.69
Q8N616	119	41.16
Q8N661	226	89.57
Q8N680	514	51.23
Q8N687	156	63.60
Q8N690	84	73.74
Q8N693	406	63.22
Q8N699	235	59.56
Q8N6C7	128	30.35
Q8N6F7	178	56.91
Q8N6G1	96	56.12
Q8N6G2	289	63.67
Q8N6G6	1762	69.95
Q8N6I1	236	57.28
Q8N6I4	163	62.91
Q8N6K0	151	60.21
Q8N6K4	173	55.02
Q8N6L1	136	82.32
Q8N6L7	170	73.19
Q8N6M3	262	87.22
Q8N6M8	205	76.76
Q8N6N3	182	61.48
Q8N6Q8	603	76.55
Q8N6S5	226	57.47
Q8N6T0	577	70.04
Q8N6U2	182	52.31
Q8N6V4	93	93.99
Q8N729	165	58.39
Q8N755	202	91.56
Q8N769	122	56.24
Q8N7C4	229	71.30
Q8N7H1	131	61.61
Q8N7I0	195	40.65
Q8N7J2	671	51.74
Q8N7L0	139	77.07
Q8N7P1	536	82.93
Q8N7P7	452	50.93
Q8N7Q2	184	37.00
Q8N7R1	296	51.36
Q8N7S6	290	51.54
Q8N7U9	141	41.36
Q8N7X8	197	83.26
Q8N801	248	66.64
Q8N806	425	76.01
Q8N812	135	42.55
Q8N813	242	48.60
Q8N814	137	39.12
Q8N815	330	84.75
Q8N816	258	46.73
Q8N865	590	57.59
Q8N8A8	192	70.67
Q8N8D7	197	76.53
Q8N8D9	126	47.62
Q8N8E1	139	53.89
Q8N8E3	955	76.09
Q8N8F6	280	66.17
Q8N8G2	317	54.13
Q8N8G6	183	55.03
Q8N8H1	164	56.55
Q8N8I6	264	39.15
Q8N8J7	132	58.58
Q8N8K9	716	59.30
Q8N8P6	123	48.96
Q8N8Q8	333	83.66
Q8N8Q9	360	83.35
Q8N8R5	385	77.33
Q8N8R7	260	81.39
Q8N8Z3	221	44.26
Q8N907	189	69.83
Q8N910	161	45.71
Q8N944	861	45.14
Q8N954	285	81.20
Q8N966	263	88.17
Q8N976	141	54.00
Q8N999	325	91.92
Q8N9A8	125	90.50
Q8N9B5	988	65.65
Q8N9H6	132	52.37
Q8N9H9	656	41.87
Q8N9I5	356	91.02
Q8N9L7	120	31.34
Q8N9P0	234	39.95
Q8N9P6	203	33.18
Q8N9Q2	155	64.39
Q8N9R0	145	45.03
Q8N9R8	606	85.71
Q8N9T2	125	58.04
Q8N9U9	137	61.98
Q8N9V7	1692	51.18
Q8N9W5	541	79.58
Q8N9W7	124	42.30
Q8N9W8	422	54.81
Q8N9X3	169	43.17
Q8N9X5	138	37.31
Q8N9Z2	235	59.41
Q8NA57	414	52.87
Q8NA69	505	55.10
Q8NA70	645	49.34
Q8NA77	164	57.70
Q8NA96	180	55.47
Q8NA97	138	40.54
Q8NAA5	344	74.45
Q8NAA6	179	35.04
Q8NAE3	123	41.45
Q8NAF0	562	60.26
Q8NAJ2	232	36.06
Q8NAN2	632	64.43
Q8NAQ8	132	40.32
Q8NAS9	161	57.25
Q8NAV2	365	53.58
Q8NAX2	398	59.01
Q8NB15	252	72.18
Q8NBA8	298	82.67
Q8NBB2	130	55.04
Q8NBC4	194	52.13
Q8NBD8	167	90.44
Q8NBF4	154	30.06
Q8NBF6	648	72.90
Q8NBH2	661	79.78
Q8NBI5	491	81.96
Q8NBJ9	832	80.08
Q8NBL3	297	71.98
Q8NBM8	494	89.75
Q8NBN3	555	71.98
Q8NBR0	393	60.63
Q8NBR9	251	29.14
Q8NBT3	493	78.25
Q8NBX0	429	94.37
Q8NBZ0	244	66.57
Q8NBZ9	246	45.07
Q8NC38	126	60.55
Q8NC51	408	54.42
Q8NC54	265	57.63
Q8NCA5	518	67.67
Q8NCE2	650	69.26
Q8NCG5	386	90.57
Q8NCH0	376	82.95
Q8NCL9	501	82.12
Q8NCQ2	148	60.43
Q8NCQ5	510	76.75
Q8NCQ7	364	45.30
Q8NCR9	226	87.01
Q8NCS4	154	79.17
Q8NCS7	719	82.47
Q8NCT3	520	59.71
Q8ND61	904	58.77
Q8ND82	737	59.49
Q8NDA8	1641	84.23
Q8NDB6	213	66.85
Q8NDH6	482	67.81
Q8NDM7	1665	77.41
Q8NDW8	1320	80.16
Q8NDX9	201	74.71
Q8NDY4	140	35.85
Q8NDY8	209	59.08
Q8NDZ0	799	50.54
Q8NDZ2	872	58.68
Q8NDZ4	430	89.12
Q8NDZ6	487	82.24
Q8NE00	496	80.58
Q8NE22	299	87.26
Q8NE65	137	59.91
Q8NEA5	215	61.29
Q8NEB5	264	92.24
Q8NEB7	543	62.63
Q8NEC7	633	84.46
Q8NEE0	82	62.28
Q8NEG0	241	71.75
Q8NEG2	295	63.66
Q8NEG7	585	86.07
Q8NEL9	900	65.15
Q8NEQ6	169	50.20
Q8NET6	341	86.50
Q8NEX5	89	77.80
Q8NEX6	87	78.09
Q8NEY1	1877	49.28
Q8NEZ5	403	85.87
Q8NFB2	350	78.11
Q8NFD4	153	49.06
Q8NFF2	622	70.53
Q8NFP0	134	67.05
Q8NFR7	591	79.30
Q8NFU4	85	65.68
Q8NFZ0	1043	76.86
Q8NG08	1087	70.14
Q8NG41	125	69.37
Q8NG48	757	71.00
Q8NG50	284	77.73
Q8NHS9	363	60.94
Q8NHU2	1237	84.81
Q8NHU3	365	76.28
Q8NHV5	167	88.80
Q8NHW6	89	79.44
Q8NHX4	192	51.69
Q8NHY0	566	83.88
Q8NI28	216	37.40
Q8TA86	221	78.03
Q8TAD7	63	69.65
Q8TAE6	165	61.67
Q8TAF5	88	44.51
Q8TAG6	207	59.08
Q8TAI1	123	51.69
Q8TAL5	461	46.70
Q8TAL6	211	72.47
Q8TAM1	723	72.23
Q8TAP6	659	87.17
Q8TAP8	253	66.61
Q8TAP9	179	55.78
Q8TAT8	98	55.88
Q8TAV5	145	33.96
Q8TAX7	377	54.67
Q8TAY7	271	60.75
Q8TAZ6	248	66.55
Q8TB03	319	87.05
Q8TB22	786	89.98
Q8TB33	94	40.32
Q8TB61	432	80.18
Q8TB68	274	57.13
Q8TB73	568	78.82
Q8TB96	612	89.47
Q8TBE0	780	50.33
Q8TBE3	224	67.40
Q8TBF2	198	92.28
Q8TBF5	258	84.00
Q8TBG9	265	76.43
Q8TBJ4	325	79.15
Q8TBK6	192	63.47
Q8TBM7	123	90.32
Q8TBQ9	72	68.43
Q8TBR5	109	42.43
Q8TBR7	257	93.21
Q8TBY9	1149	76.81
Q8TBZ9	253	80.64
Q8TC05	714	54.75
Q8TC41	542	60.92
Q8TC56	605	50.84
Q8TC57	530	73.24
Q8TC76	370	58.37
Q8TC92	643	74.14
Q8TC99	324	59.50
Q8TCB0	444	87.13
Q8TCD1	76	65.57
Q8TCD6	241	96.10
Q8TCE6	357	90.40
Q8TCH9	128	40.34
Q8TCI5	191	70.75
Q8TCJ0	367	75.78
Q8TCN5	953	51.05
Q8TCP9	573	82.72
Q8TCT6	384	77.98
Q8TCT7	592	75.86
Q8TCT8	520	79.51
Q8TCT9	377	81.95
Q8TCY0	68	44.10
Q8TCY9	931	76.28
Q8TCZ2	262	55.98
Q8TD22	340	87.77
Q8TD35	194	71.25
Q8TDB4	240	55.03
Q8TDC0	251	60.82
Q8TDN4	633	55.98
Q8TDR2	534	65.65
Q8TE02	316	76.70
Q8TE82	1336	77.33
Q8TEE9	199	56.47
Q8TEL6	797	82.26
Q8TEM1	1887	79.25
Q8TEV8	140	40.01
Q8TF05	950	73.09
Q8TF08	81	89.79
Q8TF17	1288	78.08
Q8TF40	1166	55.32
Q8TF63	244	37.67
Q8WTP9	111	65.09
Q8WTQ4	265	54.36
Q8WTX9	485	67.29
Q8WTZ3	238	44.26
Q8WTZ4	195	41.69
Q8WU43	125	58.32
Q8WU49	177	31.58
Q8WU58	562	47.93
Q8WU67	409	93.59
Q8WU76	684	92.10
Q8WUA4	911	72.33
Q8WUB2	273	54.54
Q8WUD6	406	90.91
Q8WUH2	860	86.55
Q8WUH6	116	52.99
Q8WUU5	269	70.34
Q8WUU8	243	58.15
Q8WUY8	206	83.32
Q8WUZ0	217	62.28
Q8WV15	326	69.13
Q8WV19	159	72.57
Q8WV24	401	61.72
Q8WV83	523	73.22
Q8WV93	481	78.24
Q8WVB6	975	64.08
Q8WVD3	245	78.21
Q8WVE6	324	55.27
Q8WVE7	144	78.25
Q8WVF1	389	78.31
Q8WVF2	138	80.47
Q8WVI7	109	65.11
Q8WVR3	580	69.90
Q8WVX9	515	94.27
Q8WW12	178	62.77
Q8WW18	174	56.45
Q8WW27	367	69.23
Q8WW34	195	71.40
Q8WW36	166	66.61
Q8WW38	1151	51.34
Q8WW52	585	91.87
Q8WWC4	291	67.05
Q8WWF1	131	66.82
Q8WWF3	244	58.44
Q8WWI5	657	83.05
Q8WWK9	683	59.06
Q8WWM1	108	62.25
Q8WWR9	84	61.66
Q8WWU5	503	78.16
Q8WXC6	57	62.08
Q8WXD2	468	58.56
Q8WXG6	1647	63.75
Q8WXJ9	295	86.03
Q8WXQ3	324	30.00
Q8WXS3	145	59.50
Q8WXS4	190	87.32
Q8WXX7	1259	41.99
Q8WY22	251	63.35
Q8WY50	150	31.05
Q8WY98	164	84.48
Q8WYN3	585	59.97
Q8WYQ3	142	61.08
Q8WYQ4	148	75.09
Q8WZ26	134	57.22
Q8WZ55	320	53.98
Q8WZ59	177	64.98
Q8WZ69	217	34.53
Q8WZ71	300	56.39
Q8WZA9	623	66.76
Q8WZB0	136	45.84
Q902F9	699	68.05
Q92481	460	66.26
Q92521	554	87.72
Q92535	297	88.89
Q92537	303	63.49
Q92544	642	85.89
Q92545	1883	59.17
Q92546	391	84.97
Q92551	441	75.17
Q92563	424	67.61
Q92567	244	46.01
Q92604	370	92.62
Q92610	1267	54.55
Q92616	2671	82.43
Q92617	1050	44.02
Q92618	1163	50.75
Q92628	1395	41.56
Q92629	289	81.93
Q92674	756	72.29
Q92685	438	89.09
Q92754	450	66.81
Q92766	1687	47.69
Q92802	583	54.48
Q92819	552	90.67
Q92839	578	88.09
Q92902	700	80.18
Q92903	461	80.73
Q92966	411	83.57
Q93033	1021	81.47
Q93074	2177	65.09
Q93100	1093	86.72
Q969E2	229	86.52
Q969F1	213	68.13
Q969F2	451	56.26
Q969F9	1004	82.58
Q969G9	470	54.27
Q969H9	104	53.93
Q969K7	222	77.15
Q969L2	176	83.67
Q969M3	257	67.25
Q969N2	578	87.69
Q969P0	613	88.20
Q969P5	355	80.10
Q969R8	447	86.39
Q969S0	331	86.50
Q969S6	136	84.45
Q969T9	261	71.34
Q969U6	566	85.72
Q969W3	186	61.06
Q969W9	287	56.90
Q969X2	333	85.05
Q969Y0	559	89.53
Q969Z4	430	63.52
Q96A11	431	86.88
Q96A22	123	60.81
Q96A25	262	75.42
Q96A56	240	58.94
Q96A57	120	80.29
Q96A59	401	66.00
Q96A84	441	53.21
Q96AE7	1141	70.97
Q96AG3	418	73.91
Q96AN5	459	81.59
Q96AQ2	219	66.54
Q96AQ7	238	74.00
Q96AQ9	280	57.73
Q96AT1	154	72.28
Q96AW1	172	65.05
Q96AY4	2481	68.24
Q96B01	352	58.44
Q96B18	629	52.62
Q96B23	404	54.44
Q96B42	140	89.77
Q96B54	188	60.63
Q96B77	213	61.76
Q96BK5	328	64.27
Q96BN6	582	51.85
Q96BU1	408	53.72
Q96BY7	2078	64.93
Q96C57	262	63.86
Q96C74	230	86.10
Q96C90	147	68.28
Q96CB5	159	58.91
Q96CC6	855	68.11
Q96CE8	201	79.93
Q96CG8	243	78.01
Q96CP2	140	65.35
Q96CP7	247	89.94
Q96CW6	309	66.65
Q96D05	121	65.52
Q96D15	328	83.27
Q96D70	268	75.93
Q96D98	161	67.28
Q96DL1	559	89.93
Q96DN2	955	62.60
Q96DR8	90	66.73
Q96DS6	147	64.93
Q96DX7	344	73.29
Q96DX8	246	79.25
Q96DY7	904	63.72
Q96DZ7	209	81.05
Q96DZ9	223	59.21
Q96E09	287	59.65
Q96E16	107	67.06
Q96EC8	236	74.14
Q96EE4	140	65.64
Q96EI5	215	61.30
Q96EK7	910	71.37
Q96ES6	412	90.02
Q96ET8	276	58.75
Q96EU6	259	81.18
Q96EX2	444	70.32
Q96EZ4	313	30.99
Q96F05	449	51.63
Q96F45	646	47.64
Q96F83	325	47.78
Q96FA7	236	68.50
Q96FC9	970	71.22
Q96FF7	219	70.06
Q96FF9	252	63.13
Q96FG2	381	77.09
Q96FM1	320	92.40
Q96FQ7	95	49.69
Q96FT9	208	63.56
Q96FZ5	175	70.51
Q96G23	380	86.85
Q96G30	205	57.89
Q96GC9	406	78.49
Q96GE9	116	60.68
Q96GM1	343	78.90
Q96GQ5	468	85.64
Q96GS4	357	65.27
Q96GT9	111	64.78
Q96GU1	130	60.68
Q96GV9	206	58.76
Q96GX1	697	73.44
Q96GX2	97	66.45
Q96GX8	76	67.97
Q96GY0	325	63.84
Q96GZ6	507	79.55
Q96H78	314	81.41
Q96HA4	380	48.08
Q96HA9	241	92.04
Q96HD1	420	81.88
Q96HE8	216	64.91
Q96HG1	83	66.23
Q96HH4	297	55.77
Q96HH6	336	90.84
Q96HM7	432	71.64
Q96HP8	235	74.42
Q96HR9	211	72.32
Q96HV5	264	84.61
Q96HZ4	224	70.22
Q96HZ7	61	61.79
Q96I36	57	85.42
Q96I76	525	67.39
Q96I82	304	83.00
Q96ID5	467	76.03
Q96IF1	538	56.20
Q96IK0	257	88.73
Q96IK1	185	72.80
Q96IL0	206	78.94
Q96IQ9	312	60.39
Q96IR3	41	73.23
Q96IT6	56	63.43
Q96IV6	333	93.00
Q96IZ2	230	90.73
Q96IZ7	334	58.50
Q96J86	154	60.52
Q96JA4	679	48.25
Q96JE9	813	47.69
Q96JI7	2443	66.78
Q96JT2	553	76.83
Q96JW4	573	73.29
Q96JX3	654	77.94
Q96K12	515	93.97
Q96K49	555	73.88
Q96K80	434	59.22
Q96K83	1311	58.82
Q96KA5	538	78.48
Q96KC9	395	39.72
Q96KD3	344	60.70
Q96KF2	57	59.83
Q96KF7	97	67.76
Q96KG7	1140	71.03
Q96KH6	178	37.95
Q96KJ4	702	74.31
Q96KR4	655	79.82
Q96KR6	192	68.66
Q96KT0	104	51.21
Q96KT6	92	56.54
Q96KV7	1748	76.93
Q96KW2	1035	41.82
Q96KW9	195	57.98
Q96KX1	117	76.64
Q96L03	361	81.80
Q96L11	122	61.16
Q96L14	293	65.34
Q96LD1	299	80.82
Q96LI6	401	57.59
Q96LI9	332	76.01
Q96LK0	163	83.37
Q96LK8	384	46.49
Q96LL3	132	64.48
Q96LL4	319	64.43
Q96LM1	132	35.43
Q96LM9	149	51.45
Q96LP6	360	44.43
Q96LQ0	422	66.23
Q96LR4	140	86.45
Q96LR7	162	68.26
Q96LR9	279	60.00
Q96LS8	159	30.89
Q96LT6	269	90.55
Q96M11	299	65.56
Q96M15	143	40.62
Q96M19	166	49.32
Q96M32	723	80.40
Q96M34	536	48.45
Q96M42	142	38.22
Q96M53	351	60.23
Q96M66	194	47.09
Q96M78	137	36.87
Q96M85	177	27.02
Q96MC9	270	28.44
Q96ME1	805	73.38
Q96MF0	132	40.33
Q96MG2	331	52.98
Q96MH7	638	72.05
Q96MM6	686	82.41
Q96MN9	340	55.55
Q96MR6	1250	78.99
Q96MR7	158	45.87
Q96MT0	163	31.33
Q96MT4	127	29.49
Q96MT7	1854	74.93
Q96MU5	243	26.36
Q96MV1	263	94.14
Q96MW1	224	76.16
Q96MX0	182	78.28
Q96MY1	436	61.27
Q96MZ4	157	43.18
Q96N03	204	72.61
Q96N06	139	65.36
Q96N11	449	82.57
Q96N19	417	66.12
Q96N35	136	52.16
Q96N53	147	47.71
Q96N66	472	91.99
Q96N68	181	62.04
Q96NB2	322	85.06
Q96NF6	230	56.90
Q96NH3	1257	80.48
Q96NJ1	140	39.24
Q96NL1	305	56.81
Q96NL8	207	75.14
Q96NR2	134	53.95
Q96NR7	200	59.98
Q96NS1	127	86.72
Q96NS8	147	40.47
Q96NT3	240	86.79
Q96NZ9	151	61.94
Q96P26	610	64.93
Q96P31	734	77.07
Q96P66	508	68.27
Q96PC2	410	76.15
Q96PD6	335	94.02
Q96PD7	388	87.80
Q96PE5	141	62.15
Q96PG1	132	64.29
Q96PG8	261	48.13
Q96PI1	79	66.75
Q96PL1	93	72.15
Q96PM9	386	61.63
Q96PP4	275	61.29
Q96PQ1	595	75.78
Q96PQ5	205	68.19
Q96PS1	177	61.05
Q96PS6	74	62.76
Q96PU9	254	74.51
Q96PV4	448	69.51
Q96PX1	679	59.43
Q96PY0	264	48.81
Q96PZ2	611	76.69
Q96Q05	1148	82.44
Q96Q42	1657	74.52
Q96Q45	408	63.57
Q96QA6	119	90.98
Q96QD9	318	57.89
Q96QE3	1844	46.70
Q96QF7	691	58.45
Q96QK8	99	62.71
Q96QR1	104	61.77
Q96QS1	320	72.39
Q96QU4	278	60.77
Q96RD9	977	76.25
Q96RK1	184	59.95
Q96RM1	72	75.23
Q96RP7	486	79.30
Q96RV3	2341	56.62
Q96RY5	1269	49.97
Q96S06	567	90.18
Q96S07	402	34.77
Q96S52	555	85.17
Q96S65	589	58.50
Q96S66	551	60.94
Q96S95	79	69.63
Q96S97	322	85.62
Q96SE0	405	90.71
Q96SK2	561	68.01
Q96SL8	496	61.24
Q96T17	732	62.07
Q96T21	854	55.56
Q96T53	435	88.71
Q96T59	188	51.31
Q96T75	97	64.67
Q96T91	129	88.97
Q96T92	566	55.26
Q99102	2169	57.19
Q99217	191	57.61
Q99218	206	57.85
Q99440	93	46.11
Q99445	158	77.23
Q99590	1463	42.22
Q99595	171	81.77
Q99618	268	59.10
Q99689	392	68.30
Q99732	161	71.06
Q99750	246	50.25
Q99805	663	85.02
Q99871	368	76.72
Q99909	188	67.79
Q99935	248	52.77
Q99946	306	53.55
Q99954	134	65.62
Q99966	193	57.46
Q99999	423	89.08
Q9BPU9	175	89.55
Q9BQ49	75	66.47
Q9BQ66	201	33.55
Q9BQ89	295	61.71
Q9BQ95	431	72.10
Q9BQA5	517	72.20
Q9BQA9	187	83.35
Q9BQD1	86	57.38
Q9BQE6	289	49.36
Q9BQE9	202	63.13
Q9BQG0	1328	74.32
Q9BQM9	153	58.11
Q9BQQ7	232	77.25
Q9BQT9	956	77.79
Q9BQY9	259	59.49
Q9BR10	227	56.42
Q9BR11	485	75.26
Q9BR26	566	75.00
Q9BR46	151	32.74
Q9BRB3	760	63.85
Q9BRJ6	194	73.51
Q9BRK0	252	64.09
Q9BRK5	362	80.94
Q9BRN9	247	79.56
Q9BRP1	358	75.46
Q9BRP9	147	28.39
Q9BRQ4	267	93.70
Q9BRR3	403	87.97
Q9BRR8	931	58.47
Q9BRX8	229	88.35
Q9BS86	351	82.21
Q9BSE2	394	61.21
Q9BSH3	213	79.08
Q9BSJ5	609	44.10
Q9BSJ6	248	60.60
Q9BSK0	173	85.26
Q9BSN7	226	71.45
Q9BSR8	244	70.16
Q9BSU1	422	87.09
Q9BT04	418	87.77
Q9BT09	278	72.48
Q9BT22	464	93.01
Q9BT56	116	66.27
Q9BT67	221	62.51
Q9BT76	320	53.00
Q9BTD1	123	39.57
Q9BTD3	319	74.02
Q9BTK2	45	61.51
Q9BTK6	254	63.65
Q9BTL4	223	63.43
Q9BTV4	400	89.83
Q9BTV5	496	87.64
Q9BTV6	452	81.09
Q9BTW9	1192	90.28
Q9BTX1	674	75.58
Q9BTX3	173	76.52
Q9BU68	103	63.22
Q9BU70	441	67.57
Q9BUB7	260	72.18
Q9BUK6	570	83.30
Q9BUR5	198	71.51
Q9BUT9	160	64.62
Q9BV10	488	93.30
Q9BV19	199	81.83
Q9BV29	185	68.81
Q9BV97	191	52.12
Q9BVG9	487	81.54
Q9BVH7	336	81.24
Q9BVM2	203	89.04
Q9BVV8	132	63.64
Q9BVW6	85	66.26
Q9BVX2	250	81.06
Q9BW04	601	53.74
Q9BWH2	189	66.67
Q9BWH6	1393	74.42
Q9BWJ2	59	63.60
Q9BWM7	321	86.64
Q9BWN1	585	55.31
Q9BWQ6	316	75.34
Q9BWT1	371	66.54
Q9BWV2	254	58.20
Q9BX74	207	82.16
Q9BX93	195	71.29
Q9BX95	441	80.97
Q9BXA9	1300	49.30
Q9BXI3	368	86.78
Q9BXK5	485	64.72
Q9BXL5	484	53.74
Q9BXL8	241	62.60
Q9BXM9	530	84.41
Q9BXN6	97	68.25
Q9BXP8	1791	72.35
Q9BXS0	654	57.47
Q9BXS4	323	66.36
Q9BXT6	1211	75.13
Q9BXU1	1019	76.51
Q9BXU2	312	67.67
Q9BXW3	62	64.60
Q9BXY8	128	67.90
Q9BY42	306	72.26
Q9BY78	433	75.51
Q9BY89	1806	39.79
Q9BYD5	112	85.06
Q9BYE3	92	59.43
Q9BYE4	73	78.12
Q9BYJ0	223	71.94
Q9BYP8	105	49.38
Q9BYP9	154	40.26
Q9BYQ0	159	39.01
Q9BYQ2	154	36.67
Q9BYQ3	159	36.54
Q9BYQ4	174	36.80
Q9BYQ5	205	36.10
Q9BYQ6	195	36.48
Q9BYQ7	146	35.81
Q9BYQ8	210	36.43
Q9BYQ9	185	35.29
Q9BYR0	210	35.72
Q9BYR2	181	36.02
Q9BYR3	166	39.20
Q9BYR4	195	67.04
Q9BYR5	136	39.57
Q9BYR6	98	43.49
Q9BYR7	98	44.57
Q9BYR8	98	42.45
Q9BYR9	128	33.98
Q9BYS1	174	40.25
Q9BYT5	123	33.15
Q9BYU5	128	33.28
Q9BYW3	111	72.39
Q9BZ71	974	66.19
Q9BZ97	58	71.15
Q9BZ98	90	46.85
Q9BZA0	68	72.27
Q9BZH6	1224	83.83
Q9BZK8	76	47.88
Q9BZM1	189	80.52
Q9BZP3	86	59.12
Q9BZR8	327	62.38
Q9BZS9	49	62.82
Q9BZV2	496	81.79
Q9BZV3	1241	53.92
Q9BZW4	377	91.46
Q9BZW5	370	92.75
Q9C010	78	63.38
Q9C073	453	55.38
Q9C091	1923	71.69
Q9C0A1	2572	47.18
Q9C0A6	1442	46.29
Q9C0B2	1584	69.33
Q9C0B5	715	59.57
Q9C0B6	783	77.25
Q9C0C2	1729	38.01
Q9C0D2	2601	43.06
Q9C0D4	1074	42.79
Q9C0E8	428	66.80
Q9C0G0	2248	45.39
Q9C0I4	1606	67.26
Q9GZM5	350	70.58
Q9GZN8	174	80.07
Q9GZP1	204	64.46
Q9GZP8	106	62.23
Q9GZR7	859	64.60
Q9GZS1	419	82.97
Q9GZS9	411	88.47
Q9GZU0	229	81.03
Q9GZU3	492	73.24
Q9GZX3	395	90.37
Q9GZX9	223	80.51
Q9GZY1	135	50.72
Q9H000	416	70.43
Q9H019	292	63.86
Q9H061	195	89.72
Q9H091	742	71.85
Q9H0A3	160	29.24
Q9H0B3	1180	45.33
Q9H0E7	712	71.92
Q9H0H9	118	56.01
Q9H0P7	198	34.49
Q9H0R1	490	86.61
Q9H0R3	208	84.72
Q9H0V1	697	84.18
Q9H0X4	552	80.82
Q9H0X6	261	61.10
Q9H175	543	62.65
Q9H195	1237	49.17
Q9H1C7	97	62.89
Q9H1E3	243	58.54
Q9H1L0	117	55.76
Q9H1M3	183	61.23
Q9H1Q7	454	70.62
Q9H1Z8	148	66.36
Q9H237	461	89.49
Q9H270	941	78.15
Q9H295	470	82.83
Q9H2A9	424	79.07
Q9H2C2	271	81.17
Q9H2F3	369	93.75
Q9H2J1	176	54.43
Q9H2L4	133	77.33
Q9H2L5	321	77.21
Q9H2M9	1393	79.79
Q9H2P0	1102	56.00
Q9H2S6	317	69.61
Q9H2U6	94	45.04
Q9H2W1	248	73.86
Q9H2X8	130	54.88
Q9H300	379	77.73
Q9H305	208	56.15
Q9H321	246	45.81
Q9H322	139	63.27
Q9H330	879	68.82
Q9H354	126	51.09
Q9H379	93	50.28
Q9H3A6	140	33.80
Q9H3K2	345	76.68
Q9H3Q1	356	56.20
Q9H3Q3	398	92.60
Q9H3S5	423	89.89
Q9H3U7	446	71.29
Q9H3Y8	114	59.50
Q9H400	295	54.25
Q9H425	327	59.58
Q9H467	287	72.82
Q9H478	68	58.95
Q9H490	435	92.63
Q9H4F8	434	73.20
Q9H4I0	556	61.35
Q9H4I3	376	80.35
Q9H4X1	137	70.58
Q9H4Z2	1342	51.29
Q9H501	851	64.37
Q9H579	483	75.17
Q9H582	1327	46.63
Q9H5F2	150	66.40
Q9H5J8	278	62.74
Q9H5L9	145	31.07
Q9H5V8	836	77.81
Q9H606	182	51.18
Q9H693	158	48.56
Q9H6A9	2034	60.12
Q9H6B1	395	61.36
Q9H6E4	229	83.38
Q9H6H4	257	64.59
Q9H6J7	331	79.78
Q9H6K5	1346	42.38
Q9H6L2	316	88.30
Q9H6R6	413	86.45
Q9H6R7	721	68.01
Q9H6U6	928	65.14
Q9H6U8	611	87.65
Q9H6V9	325	90.41
Q9H6X4	195	59.25
Q9H6X5	657	51.98
Q9H741	205	82.19
Q9H788	454	73.18
Q9H7B7	122	55.05
Q9H7F4	350	78.86
Q9H7M6	989	83.64
Q9H7S9	590	50.05
Q9H7T3	257	53.94
Q9H7T9	357	52.38
Q9H7V2	258	54.15
Q9H7Y0	433	83.36
Q9H825	291	72.94
Q9H841	383	78.98
Q9H8G2	361	61.89
Q9H8M7	445	87.80
Q9H8M9	152	65.02
Q9H8V8	135	52.77
Q9H8W2	130	60.33
Q9H8X3	128	36.51
Q9H8X9	412	73.30
Q9H8Y1	702	68.99
Q9H8Y5	726	68.76
Q9H902	201	66.69
Q9H910	190	60.65
Q9H920	327	83.29
Q9H9A5	744	79.23
Q9H9B4	322	86.01
Q9H9H5	199	56.46
Q9H9K5	563	44.50
Q9H9R9	158	60.49
Q9HAA7	133	43.50
Q9HAB3	445	83.00
Q9HAH7	460	52.13
Q9HAI6	301	58.03
Q9HAS0	396	76.14
Q9HAT0	212	85.00
Q9HAV5	297	69.19
Q9HB07	376	90.13
Q9HB09	334	55.99
Q9HB66	63	71.41
Q9HBF4	777	75.09
Q9HBF5	79	59.53
Q9HBG7	655	66.26
Q9HBH7	125	66.95
Q9HBL7	147	89.84
Q9HBV1	291	82.24
Q9HBV2	294	71.12
Q9HBX3	110	45.90
Q9HC07	324	75.93
Q9HC44	474	54.12
Q9HC58	644	70.33
Q9HCE3	1301	52.87
Q9HCJ5	1215	77.86
Q9HCL2	828	80.44
Q9HCM1	1747	38.31
Q9HCM3	1950	44.14
Q9HCM7	1045	45.69
Q9HCN2	124	46.42
Q9HCN3	771	80.81
Q9HCQ7	196	58.29
Q9HD64	81	47.78
Q9HD87	102	53.55
Q9NNW5	1121	84.83
Q9NNZ6	103	57.80
Q9NP50	221	72.30
Q9NP70	447	41.99
Q9NPB0	183	65.56
Q9NPC4	353	89.31
Q9NPC6	264	65.35
Q9NPD7	142	77.60
Q9NPF2	352	89.13
Q9NPG8	344	84.28
Q9NPI7	259	58.58
Q9NPL8	285	71.93
Q9NPR9	543	74.37
Q9NPU4	83	66.89
Q9NPY3	652	70.29
Q9NQ30	184	73.76
Q9NQ31	210	67.77
Q9NQ32	467	51.87
Q9NQ34	198	72.44
Q9NQ36	999	71.67
Q9NQ40	469	80.15
Q9NQ60	294	58.17
Q9NQ76	525	43.23
Q9NQ79	661	85.95
Q9NQ84	441	70.56
Q9NQ86	728	78.63
Q9NQ92	184	62.03
Q9NQG7	708	61.53
Q9NQS1	362	57.27
Q9NQV8	689	53.75
Q9NQX5	325	68.41
Q9NQX7	267	75.59
Q9NQZ2	479	68.13
Q9NQZ3	744	54.15
Q9NR00	106	78.52
Q9NR77	195	86.83
Q9NRB3	414	83.12
Q9NRC1	585	80.16
Q9NRE2	1034	54.55
Q9NRI6	33	83.50
Q9NRI7	21	88.65
Q9NRJ1	99	54.96
Q9NRJ2	163	52.56
Q9NRM1	1142	37.09
Q9NRP4	125	88.42
Q9NRR1	136	85.06
Q9NRR3	84	68.35
Q9NRR8	79	68.90
Q9NRX6	74	71.15
Q9NRY5	505	66.17
Q9NRY6	295	69.94
Q9NRY7	297	70.47
Q9NRZ5	378	94.18
Q9NRZ7	376	94.93
Q9NS15	1303	62.80
Q9NS25	103	65.23
Q9NS26	97	64.71
Q9NS62	852	59.23
Q9NS64	109	60.91
Q9NS68	423	60.21
Q9NS71	199	80.01
Q9NS84	486	79.79
Q9NSC2	1324	49.01
Q9NSG2	853	86.91
Q9NSI2	230	70.61
Q9NSK7	152	59.89
Q9NT22	766	68.14
Q9NTI7	297	61.43
Q9NTK1	212	59.41
Q9NTX9	383	58.23
Q9NU63	452	56.59
Q9NUA8	1239	64.81
Q9NUB4	165	61.06
Q9NUC0	356	52.02
Q9NUD5	403	65.85
Q9NUD9	493	90.00
Q9NUH8	114	59.64
Q9NUJ3	509	81.15
Q9NUM4	274	75.89
Q9NUP7	481	79.76
Q9NUQ2	364	94.07
Q9NUS5	200	80.51
Q9NV12	185	86.57
Q9NV39	138	54.62
Q9NV58	838	55.02
Q9NV64	488	73.37
Q9NV92	336	55.58
Q9NVA4	438	72.04
Q9NVE4	849	62.32
Q9NVL8	296	59.40
Q9NVM1	165	62.81
Q9NVR2	710	82.64
Q9NVV2	129	58.72
Q9NVV5	238	93.96
Q9NW13	759	70.18
Q9NW68	430	61.29
Q9NW75	528	55.83
Q9NW97	253	59.81
Q9NWD8	314	72.44
Q9NWD9	120	63.64
Q9NWF4	448	83.81
Q9NWF9	866	62.42
Q9NWH2	141	73.37
Q9NWH7	488	65.32
Q9NWN3	711	47.16
Q9NWQ4	482	50.54
Q9NWS1	579	70.40
Q9NWS8	449	70.26
Q9NWW0	138	62.66
Q9NWW5	311	85.45
Q9NWW7	574	73.29
Q9NX00	188	75.62
Q9NX05	1096	68.24
Q9NX40	245	64.43
Q9NX47	278	86.63
Q9NX61	479	84.96
Q9NX76	183	77.08
Q9NX77	482	61.54
Q9NX94	342	55.45
Q9NXB0	559	74.40
Q9NXE4	866	71.44
Q9NXF1	929	79.43
Q9NXF7	216	38.17
Q9NXH3	145	73.51
Q9NXJ0	267	72.09
Q9NXL6	827	79.88
Q9NY27	417	62.63
Q9NY35	253	87.18
Q9NY87	97	69.00
Q9NYF0	836	50.79
Q9NYF3	392	52.39
Q9NYF8	920	46.95
Q9NYP3	566	71.83
Q9NYP8	219	76.65
Q9NYP9	233	78.50
Q9NYX4	217	54.80
Q9NYY8	710	75.54
Q9NYZ1	205	80.45
Q9NZ38	188	37.03
Q9NZ63	289	68.75
Q9NZB2	1118	66.92
Q9NZF1	115	89.73
Q9NZG7	142	67.60
Q9NZH4	202	62.39
Q9NZH5	202	63.04
Q9NZJ7	389	74.20
Q9NZM4	1560	42.30
Q9NZM5	478	78.21
Q9NZP6	1156	37.93
Q9NZT2	677	60.56
Q9NZW4	1301	38.95
Q9NZY2	134	52.82
Q9P055	311	86.57
Q9P0K9	344	74.41
Q9P0S2	106	75.43
Q9P0T7	183	72.56
Q9P0W8	599	57.51
Q9P1C3	46	79.32
Q9P1D8	64	64.99
Q9P1G2	102	52.40
Q9P1J3	65	39.85
Q9P1T7	246	53.49
Q9P1Z0	1013	50.46
Q9P203	1132	60.91
Q9P206	1035	48.28
Q9P217	1185	80.61
Q9P242	653	54.00
Q9P260	1216	73.57
Q9P266	1359	42.55
Q9P267	1494	43.72
Q9P272	454	62.34
Q9P2B2	879	84.26
Q9P2D3	2071	81.59
Q9P2D6	1515	59.41
Q9P2D8	2635	63.49
Q9P2E8	410	61.86
Q9P2F5	926	49.33
Q9P2G4	905	49.59
Q9P2K1	1620	68.96
Q9P2K9	1392	70.70
Q9P2L0	1181	84.76
Q9P2P1	1898	58.54
Q9P2T0	379	59.81
Q9P2W6	132	54.56
Q9P2X0	92	87.29
Q9P2X7	70	66.05
Q9P2Y4	722	55.68
Q9UBB4	475	89.63
Q9UBC7	116	66.20
Q9UBC9	169	52.70
Q9UBI9	543	66.84
Q9UBM1	199	93.98
Q9UBM8	478	86.75
Q9UBP4	350	73.65
Q9UBP8	84	59.76
Q9UBR5	152	77.10
Q9UBS8	474	83.43
Q9UBU6	413	58.99
Q9UBX5	448	82.65
Q9UBY8	286	89.91
Q9UD71	204	65.83
Q9UDX5	166	86.63
Q9UEU5	116	64.93
Q9UF83	564	48.04
Q9UFC0	647	83.49
Q9UFP1	575	68.39
Q9UFV1	150	57.38
Q9UFV3	132	42.28
Q9UG01	1749	83.94
Q9UGL9	99	52.45
Q9UGP4	676	56.52
Q9UGP8	760	78.23
Q9UGQ2	172	61.97
Q9UH64	79	49.56
Q9UH92	298	72.37
Q9UHC7	482	65.46
Q9UHF1	273	75.61
Q9UHF7	1281	48.84
Q9UHG3	505	91.32
Q9UHH9	426	76.82
Q9UHJ9	254	90.30
Q9UHL3	310	50.68
Q9UHP9	88	69.01
Q9UHQ7	104	67.38
Q9UHR5	308	64.43
Q9UHT4	67	65.45
Q9UHU1	43	86.80
Q9UHV2	236	63.21
Q9UHV7	2174	56.47
Q9UI14	185	81.55
Q9UI25	63	58.56
Q9UI40	661	66.82
Q9UI72	69	59.88
Q9UIG4	136	70.33
Q9UIG5	152	55.15
Q9UIR0	455	87.36
Q9UJ55	1249	43.19
Q9UJ94	153	36.36
Q9UJA2	301	68.41
Q9UJH8	293	82.08
Q9UJJ9	305	79.28
Q9UJW9	196	65.73
Q9UJX0	477	88.77
Q9UK28	342	61.30
Q9UK76	154	61.95
Q9UK85	242	54.11
Q9UKA4	1901	45.10
Q9UKB5	411	49.54
Q9UKI2	254	59.01
Q9UKN8	822	81.96
Q9UKR5	140	93.19
Q9UKY7	258	59.80
Q9UKZ1	510	76.90
Q9UL41	463	75.42
Q9ULC0	261	51.98
Q9ULD6	942	67.50
Q9ULE6	856	83.53
Q9ULF5	831	59.82
Q9ULG3	409	56.55
Q9ULI1	1742	79.56
Q9ULL0	1709	36.69
Q9ULL5	2036	43.13
Q9ULN7	635	49.14
Q9ULR5	123	71.19
Q9ULV3	898	52.73
Q9ULW3	272	76.99
Q9ULX6	646	55.02
Q9ULZ0	124	37.71
Q9ULZ1	77	67.02
Q9UMD9	1497	45.83
Q9UMX9	530	77.66
Q9UNA3	340	88.46
Q9UNE0	448	66.38
Q9UNL2	185	84.20
Q9UNZ5	99	72.91
Q9UP83	839	83.38
Q9UPM9	204	82.91
Q9UPP5	1279	41.87
Q9UPQ8	538	89.84
Q9UPX6	916	51.25
Q9UPZ6	1657	68.05
Q9XRX5	114	66.39
Q9Y231	359	90.33
Q9Y236	505	87.92
Q9Y238	1755	71.49
Q9Y247	325	77.92
Q9Y256	329	85.45
Q9Y284	106	62.66
Q9Y287	266	75.33
Q9Y2B1	443	86.11
Q9Y2B9	76	63.30
Q9Y2G0	817	81.60
Q9Y2G9	1366	68.03
Q9Y2K1	713	50.15
Q9Y2M2	353	83.38
Q9Y2R0	106	76.61
Q9Y2S6	64	70.99
Q9Y2W1	955	46.00
Q9Y2W3	782	64.98
Q9Y314	301	81.57
Q9Y342	182	76.94
Q9Y3E0	138	87.55
Q9Y3F1	56	63.77
Q9Y3P4	386	69.67
Q9Y3P8	196	61.29
Q9Y3R5	2298	71.74
Q9Y3S2	320	77.07
Q9Y3T9	749	70.02
Q9Y426	696	62.06
Q9Y442	160	35.68
Q9Y467	1007	50.67
Q9Y471	501	92.82
Q9Y4C2	921	92.85
Q9Y4C5	530	77.67
Q9Y4D2	1042	62.95
Q9Y4E6	1490	73.90
Q9Y4F9	1068	65.51
Q9Y4H4	160	70.95
Q9Y4M8	146	50.02
Q9Y508	228	83.19
Q9Y519	407	72.59
Q9Y546	428	71.70
Q9Y548	306	76.91
Q9Y561	859	62.50
Q9Y5L5	61	68.96
Q9Y5M1	114	40.92
Q9Y5M6	44	85.54
Q9Y5P3	530	48.46
Q9Y5U2	329	60.23
Q9Y5V0	76	71.72
Q9Y5Y5	336	82.06
Q9Y664	436	88.41
Q9Y675	71	52.20
Q9Y6B2	187	55.45
Q9Y6C7	94	60.34
Q9Y6C9	303	85.88
Q9Y6E2	419	91.33
Q9Y6H3	246	80.89
Q9Y6I8	212	91.97
Q9Y6I9	313	74.87
Q9Y6J3	95	65.07
Q9Y6K0	416	89.99
Q9Y6N3	262	89.72
Q9Y6T7	804	78.04
Q9Y6X0	1596	42.24
Q9Y6X3	613	91.10
Q9Y6X4	670	61.13
Q9Y6Z2	57	55.45
Q9Y6Z4	181	28.11
Q9Y6Z5	254	28.03
S4R3P1	24	87.62
S4R3Y5	24	87.64
S4R460	96	96.57
W5XKT8	324	86.36
X6R8D5	127	58.55
